timestamp,camera_id,frequency
2024-09-12 05:00:00,1,22
2024-09-12 05:20:00,1,19
2024-09-12 05:40:00,1,13
2024-09-12 06:00:00,1,23
2024-09-12 06:20:00,1,22
2024-09-12 06:40:00,1,17
2024-09-12 07:00:00,1,24
2024-09-12 07:20:00,1,21
2024-09-12 07:40:00,1,19
2024-09-12 08:00:00,1,22
2024-09-12 08:20:00,1,20
2024-09-12 08:40:00,1,19
2024-09-12 09:00:00,1,21
2024-09-12 09:20:00,1,22
2024-09-12 09:40:00,1,18
2024-09-12 10:00:00,1,14
2024-09-12 10:20:00,1,26
2024-09-12 10:40:00,1,17
2024-09-12 11:00:00,1,26
2024-09-12 11:20:00,1,18
2024-09-12 11:40:00,1,24
2024-09-12 12:00:00,1,21
2024-09-12 12:20:00,1,22
2024-09-12 12:40:00,1,21
2024-09-12 13:00:00,1,20
2024-09-12 13:20:00,1,17
2024-09-12 13:40:00,1,22
2024-09-12 14:00:00,1,22
2024-09-12 14:20:00,1,20
2024-09-12 14:40:00,1,16
2024-09-12 15:00:00,1,16
2024-09-12 15:20:00,1,15
2024-09-12 15:40:00,1,17
2024-09-12 16:00:00,1,24
2024-09-12 16:20:00,1,9
2024-09-12 16:40:00,1,14
2024-09-12 17:00:00,1,17
2024-09-12 17:20:00,1,19
2024-09-12 17:40:00,1,16
2024-09-12 18:00:00,1,26
2024-09-12 18:20:00,1,21
2024-09-12 18:40:00,1,27
2024-09-12 19:00:00,1,18
2024-09-12 19:20:00,1,8
2024-09-12 19:40:00,1,12
2024-09-12 20:00:00,1,11
2024-09-12 20:20:00,1,7
2024-09-12 20:40:00,1,1
2024-09-13 05:00:00,1,23
2024-09-13 05:20:00,1,19
2024-09-13 05:40:00,1,17
2024-09-13 06:00:00,1,14
2024-09-13 06:20:00,1,24
2024-09-13 06:40:00,1,26
2024-09-13 07:00:00,1,25
2024-09-13 07:20:00,1,19
2024-09-13 07:40:00,1,20
2024-09-13 08:00:00,1,29
2024-09-13 08:20:00,1,18
2024-09-13 08:40:00,1,21
2024-09-13 09:00:00,1,13
2024-09-13 09:20:00,1,22
2024-09-13 09:40:00,1,18
2024-09-13 10:00:00,1,23
2024-09-13 10:20:00,1,21
2024-09-13 10:40:00,1,27
2024-09-13 11:00:00,1,18
2024-09-13 11:20:00,1,22
2024-09-13 11:40:00,1,18
2024-09-13 12:00:00,1,34
2024-09-13 12:20:00,1,20
2024-09-13 12:40:00,1,21
2024-09-13 13:00:00,1,22
2024-09-13 13:20:00,1,16
2024-09-13 13:40:00,1,21
2024-09-13 14:00:00,1,20
2024-09-13 14:20:00,1,24
2024-09-13 14:40:00,1,29
2024-09-13 15:00:00,1,23
2024-09-13 15:20:00,1,17
2024-09-13 15:40:00,1,13
2024-09-13 16:00:00,1,23
2024-09-13 16:20:00,1,25
2024-09-13 16:40:00,1,27
2024-09-13 17:00:00,1,11
2024-09-13 17:20:00,1,5
2024-09-13 17:40:00,1,9
2024-09-13 18:00:00,1,7
2024-09-13 18:20:00,1,3
2024-09-13 18:40:00,1,1
2024-09-13 19:00:00,1,1
2024-09-14 05:00:00,1,26
2024-09-14 05:20:00,1,25
2024-09-14 05:40:00,1,30
2024-09-14 06:00:00,1,31
2024-09-14 06:20:00,1,32
2024-09-14 06:40:00,1,26
2024-09-14 07:00:00,1,26
2024-09-14 07:20:00,1,25
2024-09-14 07:40:00,1,33
2024-09-14 08:00:00,1,26
2024-09-14 08:20:00,1,22
2024-09-14 08:40:00,1,31
2024-09-14 09:00:00,1,35
2024-09-14 09:20:00,1,29
2024-09-14 09:40:00,1,26
2024-09-14 10:00:00,1,27
2024-09-14 10:20:00,1,33
2024-09-14 10:40:00,1,34
2024-09-14 11:00:00,1,26
2024-09-14 11:20:00,1,24
2024-09-14 11:40:00,1,29
2024-09-14 12:00:00,1,23
2024-09-14 12:20:00,1,20
2024-09-14 12:40:00,1,22
2024-09-14 13:00:00,1,34
2024-09-14 13:20:00,1,21
2024-09-14 13:40:00,1,38
2024-09-14 14:00:00,1,35
2024-09-14 14:20:00,1,23
2024-09-14 14:40:00,1,28
2024-09-14 15:00:00,1,16
2024-09-14 15:20:00,1,24
2024-09-14 15:40:00,1,13
2024-09-14 16:00:00,1,10
2024-09-14 16:20:00,1,13
2024-09-14 16:40:00,1,8
2024-09-14 17:00:00,1,1
2024-09-15 05:00:00,1,40
2024-09-15 05:20:00,1,42
2024-09-15 05:40:00,1,32
2024-09-15 06:00:00,1,29
2024-09-15 06:20:00,1,38
2024-09-15 06:40:00,1,32
2024-09-15 07:00:00,1,30
2024-09-15 07:20:00,1,31
2024-09-15 07:40:00,1,35
2024-09-15 08:00:00,1,38
2024-09-15 08:20:00,1,39
2024-09-15 08:40:00,1,38
2024-09-15 09:00:00,1,43
2024-09-15 09:20:00,1,38
2024-09-15 09:40:00,1,32
2024-09-15 10:00:00,1,37
2024-09-15 10:20:00,1,29
2024-09-15 10:40:00,1,27
2024-09-15 11:00:00,1,34
2024-09-15 11:20:00,1,30
2024-09-15 11:40:00,1,32
2024-09-15 12:00:00,1,41
2024-09-15 12:20:00,1,29
2024-09-15 12:40:00,1,33
2024-09-15 13:00:00,1,31
2024-09-15 13:20:00,1,26
2024-09-15 13:40:00,1,40
2024-09-15 14:00:00,1,36
2024-09-15 14:20:00,1,31
2024-09-15 14:40:00,1,21
2024-09-15 15:00:00,1,18
2024-09-15 15:20:00,1,14
2024-09-15 15:40:00,1,17
2024-09-15 16:00:00,1,8
2024-09-15 16:20:00,1,2
2024-09-16 05:00:00,1,22
2024-09-16 05:20:00,1,27
2024-09-16 05:40:00,1,22
2024-09-16 06:00:00,1,18
2024-09-16 06:20:00,1,35
2024-09-16 06:40:00,1,31
2024-09-16 07:00:00,1,29
2024-09-16 07:20:00,1,16
2024-09-16 07:40:00,1,17
2024-09-16 08:00:00,1,16
2024-09-16 08:20:00,1,28
2024-09-16 08:40:00,1,35
2024-09-16 09:00:00,1,32
2024-09-16 09:20:00,1,18
2024-09-16 09:40:00,1,25
2024-09-16 10:00:00,1,39
2024-09-16 10:20:00,1,22
2024-09-16 10:40:00,1,25
2024-09-16 11:00:00,1,22
2024-09-16 11:20:00,1,21
2024-09-16 11:40:00,1,32
2024-09-16 12:00:00,1,25
2024-09-16 12:20:00,1,26
2024-09-16 12:40:00,1,24
2024-09-16 13:00:00,1,39
2024-09-16 13:20:00,1,14
2024-09-16 13:40:00,1,23
2024-09-16 14:00:00,1,27
2024-09-16 14:20:00,1,29
2024-09-16 14:40:00,1,25
2024-09-16 15:00:00,1,20
2024-09-16 15:20:00,1,22
2024-09-16 15:40:00,1,6
2024-09-16 16:00:00,1,19
2024-09-16 16:20:00,1,9
2024-09-16 16:40:00,1,2
2024-09-16 17:00:00,1,1
2024-09-17 05:00:00,1,20
2024-09-17 05:20:00,1,31
2024-09-17 05:40:00,1,20
2024-09-17 06:00:00,1,26
2024-09-17 06:20:00,1,14
2024-09-17 06:40:00,1,20
2024-09-17 07:00:00,1,17
2024-09-17 07:20:00,1,21
2024-09-17 07:40:00,1,19
2024-09-17 08:00:00,1,18
2024-09-17 08:20:00,1,18
2024-09-17 08:40:00,1,20
2024-09-17 09:00:00,1,25
2024-09-17 09:20:00,1,24
2024-09-17 09:40:00,1,21
2024-09-17 10:00:00,1,21
2024-09-17 10:20:00,1,27
2024-09-17 10:40:00,1,15
2024-09-17 11:00:00,1,28
2024-09-17 11:20:00,1,19
2024-09-17 11:40:00,1,21
2024-09-17 12:00:00,1,18
2024-09-17 12:20:00,1,10
2024-09-17 12:40:00,1,21
2024-09-17 13:00:00,1,27
2024-09-17 13:20:00,1,23
2024-09-17 13:40:00,1,30
2024-09-17 14:00:00,1,22
2024-09-17 14:20:00,1,19
2024-09-17 14:40:00,1,28
2024-09-17 15:00:00,1,21
2024-09-17 15:20:00,1,22
2024-09-17 15:40:00,1,23
2024-09-17 16:00:00,1,24
2024-09-17 16:20:00,1,24
2024-09-17 16:40:00,1,13
2024-09-17 17:00:00,1,12
2024-09-17 17:20:00,1,7
2024-09-17 17:40:00,1,2
2024-09-17 18:00:00,1,7
2024-09-17 18:20:00,1,5
2024-09-18 05:00:00,1,24
2024-09-18 05:20:00,1,17
2024-09-18 05:40:00,1,18
2024-09-18 06:00:00,1,17
2024-09-18 06:20:00,1,21
2024-09-18 06:40:00,1,26
2024-09-18 07:00:00,1,17
2024-09-18 07:20:00,1,17
2024-09-18 07:40:00,1,22
2024-09-18 08:00:00,1,27
2024-09-18 08:20:00,1,21
2024-09-18 08:40:00,1,20
2024-09-18 09:00:00,1,28
2024-09-18 09:20:00,1,23
2024-09-18 09:40:00,1,27
2024-09-18 10:00:00,1,24
2024-09-18 10:20:00,1,14
2024-09-18 10:40:00,1,22
2024-09-18 11:00:00,1,30
2024-09-18 11:20:00,1,21
2024-09-18 11:40:00,1,22
2024-09-18 12:00:00,1,23
2024-09-18 12:20:00,1,18
2024-09-18 12:40:00,1,17
2024-09-18 13:00:00,1,17
2024-09-18 13:20:00,1,23
2024-09-18 13:40:00,1,28
2024-09-18 14:00:00,1,20
2024-09-18 14:20:00,1,26
2024-09-18 14:40:00,1,23
2024-09-18 15:00:00,1,22
2024-09-18 15:20:00,1,20
2024-09-18 15:40:00,1,19
2024-09-18 16:00:00,1,20
2024-09-18 16:20:00,1,19
2024-09-18 16:40:00,1,27
2024-09-18 17:00:00,1,28
2024-09-18 17:20:00,1,24
2024-09-18 17:40:00,1,22
2024-09-18 18:00:00,1,28
2024-09-18 18:20:00,1,13
2024-09-18 18:40:00,1,13
2024-09-18 19:00:00,1,9
2024-09-18 19:20:00,1,12
2024-09-18 19:40:00,1,4
2024-09-18 20:00:00,1,5
2024-09-18 20:20:00,1,2
2024-09-19 05:00:00,1,17
2024-09-19 05:20:00,1,15
2024-09-19 05:40:00,1,19
2024-09-19 06:00:00,1,18
2024-09-19 06:20:00,1,21
2024-09-19 06:40:00,1,25
2024-09-19 07:00:00,1,29
2024-09-19 07:20:00,1,19
2024-09-19 07:40:00,1,23
2024-09-19 08:00:00,1,22
2024-09-19 08:20:00,1,22
2024-09-19 08:40:00,1,30
2024-09-19 09:00:00,1,18
2024-09-19 09:20:00,1,14
2024-09-19 09:40:00,1,24
2024-09-19 10:00:00,1,21
2024-09-19 10:20:00,1,21
2024-09-19 10:40:00,1,16
2024-09-19 11:00:00,1,14
2024-09-19 11:20:00,1,8
2024-09-19 11:40:00,1,19
2024-09-19 12:00:00,1,18
2024-09-19 12:20:00,1,14
2024-09-19 12:40:00,1,20
2024-09-19 13:00:00,1,25
2024-09-19 13:20:00,1,7
2024-09-19 13:40:00,1,15
2024-09-19 14:00:00,1,19
2024-09-19 14:20:00,1,24
2024-09-19 14:40:00,1,28
2024-09-19 15:00:00,1,16
2024-09-19 15:20:00,1,19
2024-09-19 15:40:00,1,20
2024-09-19 16:00:00,1,13
2024-09-19 16:20:00,1,19
2024-09-19 16:40:00,1,12
2024-09-19 17:00:00,1,9
2024-09-19 17:20:00,1,21
2024-09-19 17:40:00,1,19
2024-09-19 18:00:00,1,18
2024-09-19 18:20:00,1,18
2024-09-19 18:40:00,1,24
2024-09-19 19:00:00,1,17
2024-09-19 19:20:00,1,19
2024-09-19 19:40:00,1,15
2024-09-19 20:00:00,1,19
2024-09-19 20:20:00,1,12
2024-09-19 20:40:00,1,6
2024-09-19 21:00:00,1,10
2024-09-19 21:20:00,1,4
2024-09-19 21:40:00,1,6
2024-09-19 22:00:00,1,1
2024-09-20 05:00:00,1,23
2024-09-20 05:20:00,1,8
2024-09-20 05:40:00,1,7
2024-09-20 06:00:00,1,16
2024-09-20 06:20:00,1,18
2024-09-20 06:40:00,1,16
2024-09-20 07:00:00,1,15
2024-09-20 07:20:00,1,21
2024-09-20 07:40:00,1,14
2024-09-20 08:00:00,1,19
2024-09-20 08:20:00,1,18
2024-09-20 08:40:00,1,19
2024-09-20 09:00:00,1,16
2024-09-20 09:20:00,1,17
2024-09-20 09:40:00,1,10
2024-09-20 10:00:00,1,15
2024-09-20 10:20:00,1,16
2024-09-20 10:40:00,1,23
2024-09-20 11:00:00,1,21
2024-09-20 11:20:00,1,12
2024-09-20 11:40:00,1,13
2024-09-20 12:00:00,1,17
2024-09-20 12:20:00,1,10
2024-09-20 12:40:00,1,17
2024-09-20 13:00:00,1,17
2024-09-20 13:20:00,1,9
2024-09-20 13:40:00,1,9
2024-09-20 14:00:00,1,14
2024-09-20 14:20:00,1,15
2024-09-20 14:40:00,1,14
2024-09-20 15:00:00,1,17
2024-09-20 15:20:00,1,10
2024-09-20 15:40:00,1,10
2024-09-20 16:00:00,1,22
2024-09-20 16:20:00,1,15
2024-09-20 16:40:00,1,23
2024-09-20 17:00:00,1,17
2024-09-20 17:20:00,1,16
2024-09-20 17:40:00,1,16
2024-09-20 18:00:00,1,14
2024-09-20 18:20:00,1,18
2024-09-20 18:40:00,1,23
2024-09-20 19:00:00,1,30
2024-09-20 19:20:00,1,13
2024-09-20 19:40:00,1,10
2024-09-20 20:00:00,1,11
2024-09-20 20:20:00,1,17
2024-09-20 20:40:00,1,15
2024-09-20 21:00:00,1,10
2024-09-20 21:20:00,1,13
2024-09-20 21:40:00,1,3
2024-09-20 22:00:00,1,4
2024-09-20 22:20:00,1,2
2024-09-20 22:40:00,1,1
2024-09-21 05:00:00,1,18
2024-09-21 05:20:00,1,13
2024-09-21 05:40:00,1,17
2024-09-21 06:00:00,1,26
2024-09-21 06:20:00,1,16
2024-09-21 06:40:00,1,24
2024-09-21 07:00:00,1,20
2024-09-21 07:20:00,1,21
2024-09-21 07:40:00,1,15
2024-09-21 08:00:00,1,24
2024-09-21 08:20:00,1,11
2024-09-21 08:40:00,1,18
2024-09-21 09:00:00,1,16
2024-09-21 09:20:00,1,21
2024-09-21 09:40:00,1,20
2024-09-21 10:00:00,1,15
2024-09-21 10:20:00,1,19
2024-09-21 10:40:00,1,14
2024-09-21 11:00:00,1,17
2024-09-21 11:20:00,1,17
2024-09-21 11:40:00,1,23
2024-09-21 12:00:00,1,13
2024-09-21 12:20:00,1,22
2024-09-21 12:40:00,1,11
2024-09-21 13:00:00,1,21
2024-09-21 13:20:00,1,19
2024-09-21 13:40:00,1,14
2024-09-21 14:00:00,1,17
2024-09-21 14:20:00,1,20
2024-09-21 14:40:00,1,15
2024-09-21 15:00:00,1,20
2024-09-21 15:20:00,1,17
2024-09-21 15:40:00,1,15
2024-09-21 16:00:00,1,17
2024-09-21 16:20:00,1,18
2024-09-21 16:40:00,1,17
2024-09-21 17:00:00,1,19
2024-09-21 17:20:00,1,23
2024-09-21 17:40:00,1,27
2024-09-21 18:00:00,1,17
2024-09-21 18:20:00,1,32
2024-09-21 18:40:00,1,17
2024-09-21 19:00:00,1,17
2024-09-21 19:20:00,1,18
2024-09-21 19:40:00,1,12
2024-09-21 20:00:00,1,12
2024-09-21 20:20:00,1,19
2024-09-21 20:40:00,1,22
2024-09-21 21:00:00,1,15
2024-09-21 21:20:00,1,11
2024-09-21 21:40:00,1,11
2024-09-21 22:00:00,1,3
2024-09-21 22:20:00,1,2
2024-09-21 22:40:00,1,1
2024-09-22 05:00:00,1,18
2024-09-22 05:20:00,1,21
2024-09-22 05:40:00,1,23
2024-09-22 06:00:00,1,17
2024-09-22 06:20:00,1,18
2024-09-22 06:40:00,1,22
2024-09-22 07:00:00,1,29
2024-09-22 07:20:00,1,18
2024-09-22 07:40:00,1,24
2024-09-22 08:00:00,1,16
2024-09-22 08:20:00,1,17
2024-09-22 08:40:00,1,16
2024-09-22 09:00:00,1,19
2024-09-22 09:20:00,1,22
2024-09-22 09:40:00,1,14
2024-09-22 10:00:00,1,13
2024-09-22 10:20:00,1,23
2024-09-22 10:40:00,1,12
2024-09-22 11:00:00,1,14
2024-09-22 11:20:00,1,16
2024-09-22 11:40:00,1,20
2024-09-22 12:00:00,1,17
2024-09-22 12:20:00,1,22
2024-09-22 12:40:00,1,15
2024-09-22 13:00:00,1,24
2024-09-22 13:20:00,1,25
2024-09-22 13:40:00,1,20
2024-09-22 14:00:00,1,21
2024-09-22 14:20:00,1,24
2024-09-22 14:40:00,1,17
2024-09-22 15:00:00,1,21
2024-09-22 15:20:00,1,13
2024-09-22 15:40:00,1,11
2024-09-22 16:00:00,1,20
2024-09-22 16:20:00,1,16
2024-09-22 16:40:00,1,16
2024-09-22 17:00:00,1,20
2024-09-22 17:20:00,1,16
2024-09-22 17:40:00,1,21
2024-09-22 18:00:00,1,22
2024-09-22 18:20:00,1,19
2024-09-22 18:40:00,1,18
2024-09-22 19:00:00,1,18
2024-09-22 19:20:00,1,4
2024-09-22 19:40:00,1,14
2024-09-22 20:00:00,1,16
2024-09-22 20:20:00,1,3
2024-09-22 20:40:00,1,7
2024-09-22 21:00:00,1,4
2024-09-22 21:20:00,1,3
2024-09-23 05:00:00,1,18
2024-09-23 05:20:00,1,22
2024-09-23 05:40:00,1,29
2024-09-23 06:00:00,1,16
2024-09-23 06:20:00,1,13
2024-09-23 06:40:00,1,14
2024-09-23 07:00:00,1,26
2024-09-23 07:20:00,1,25
2024-09-23 07:40:00,1,16
2024-09-23 08:00:00,1,24
2024-09-23 08:20:00,1,22
2024-09-23 08:40:00,1,19
2024-09-23 09:00:00,1,28
2024-09-23 09:20:00,1,24
2024-09-23 09:40:00,1,13
2024-09-23 10:00:00,1,24
2024-09-23 10:20:00,1,29
2024-09-23 10:40:00,1,19
2024-09-23 11:00:00,1,25
2024-09-23 11:20:00,1,21
2024-09-23 11:40:00,1,25
2024-09-23 12:00:00,1,21
2024-09-23 12:20:00,1,14
2024-09-23 12:40:00,1,17
2024-09-23 13:00:00,1,20
2024-09-23 13:20:00,1,21
2024-09-23 13:40:00,1,20
2024-09-23 14:00:00,1,20
2024-09-23 14:20:00,1,27
2024-09-23 14:40:00,1,18
2024-09-23 15:00:00,1,17
2024-09-23 15:20:00,1,12
2024-09-23 15:40:00,1,14
2024-09-23 16:00:00,1,17
2024-09-23 16:20:00,1,18
2024-09-23 16:40:00,1,14
2024-09-23 17:00:00,1,25
2024-09-23 17:20:00,1,21
2024-09-23 17:40:00,1,18
2024-09-23 18:00:00,1,11
2024-09-23 18:20:00,1,12
2024-09-23 18:40:00,1,10
2024-09-23 19:00:00,1,5
2024-09-23 19:20:00,1,4
2024-09-23 19:40:00,1,1
2024-09-24 05:00:00,1,23
2024-09-24 05:20:00,1,25
2024-09-24 05:40:00,1,23
2024-09-24 06:00:00,1,24
2024-09-24 06:20:00,1,26
2024-09-24 06:40:00,1,31
2024-09-24 07:00:00,1,23
2024-09-24 07:20:00,1,23
2024-09-24 07:40:00,1,27
2024-09-24 08:00:00,1,25
2024-09-24 08:20:00,1,26
2024-09-24 08:40:00,1,13
2024-09-24 09:00:00,1,21
2024-09-24 09:20:00,1,14
2024-09-24 09:40:00,1,35
2024-09-24 10:00:00,1,22
2024-09-24 10:20:00,1,23
2024-09-24 10:40:00,1,16
2024-09-24 11:00:00,1,25
2024-09-24 11:20:00,1,20
2024-09-24 11:40:00,1,25
2024-09-24 12:00:00,1,18
2024-09-24 12:20:00,1,25
2024-09-24 12:40:00,1,24
2024-09-24 13:00:00,1,25
2024-09-24 13:20:00,1,18
2024-09-24 13:40:00,1,24
2024-09-24 14:00:00,1,20
2024-09-24 14:20:00,1,19
2024-09-24 14:40:00,1,14
2024-09-24 15:00:00,1,31
2024-09-24 15:20:00,1,21
2024-09-24 15:40:00,1,34
2024-09-24 16:00:00,1,17
2024-09-24 16:20:00,1,16
2024-09-24 16:40:00,1,9
2024-09-24 17:00:00,1,8
2024-09-24 17:20:00,1,8
2024-09-24 17:40:00,1,10
2024-09-25 05:00:00,1,22
2024-09-25 05:20:00,1,28
2024-09-25 05:40:00,1,14
2024-09-25 06:00:00,1,17
2024-09-25 06:20:00,1,20
2024-09-25 06:40:00,1,20
2024-09-25 07:00:00,1,17
2024-09-25 07:20:00,1,25
2024-09-25 07:40:00,1,18
2024-09-25 08:00:00,1,25
2024-09-25 08:20:00,1,20
2024-09-25 08:40:00,1,16
2024-09-25 09:00:00,1,26
2024-09-25 09:20:00,1,29
2024-09-25 09:40:00,1,27
2024-09-25 10:00:00,1,22
2024-09-25 10:20:00,1,29
2024-09-25 10:40:00,1,15
2024-09-25 11:00:00,1,19
2024-09-25 11:20:00,1,21
2024-09-25 11:40:00,1,22
2024-09-25 12:00:00,1,23
2024-09-25 12:20:00,1,28
2024-09-25 12:40:00,1,23
2024-09-25 13:00:00,1,23
2024-09-25 13:20:00,1,23
2024-09-25 13:40:00,1,24
2024-09-25 14:00:00,1,26
2024-09-25 14:20:00,1,20
2024-09-25 14:40:00,1,19
2024-09-25 15:00:00,1,14
2024-09-25 15:20:00,1,14
2024-09-25 15:40:00,1,16
2024-09-25 16:00:00,1,8
2024-09-25 16:20:00,1,13
2024-09-25 16:40:00,1,6
2024-09-25 17:00:00,1,2
2024-09-26 05:00:00,1,19
2024-09-26 05:20:00,1,20
2024-09-26 05:40:00,1,32
2024-09-26 06:00:00,1,25
2024-09-26 06:20:00,1,28
2024-09-26 06:40:00,1,16
2024-09-26 07:00:00,1,15
2024-09-26 07:20:00,1,22
2024-09-26 07:40:00,1,14
2024-09-26 08:00:00,1,26
2024-09-26 08:20:00,1,33
2024-09-26 08:40:00,1,22
2024-09-26 09:00:00,1,20
2024-09-26 09:20:00,1,20
2024-09-26 09:40:00,1,23
2024-09-26 10:00:00,1,20
2024-09-26 10:20:00,1,23
2024-09-26 10:40:00,1,23
2024-09-26 11:00:00,1,22
2024-09-26 11:20:00,1,20
2024-09-26 11:40:00,1,23
2024-09-26 12:00:00,1,25
2024-09-26 12:20:00,1,29
2024-09-26 12:40:00,1,25
2024-09-26 13:00:00,1,22
2024-09-26 13:20:00,1,20
2024-09-26 13:40:00,1,21
2024-09-26 14:00:00,1,11
2024-09-26 14:20:00,1,20
2024-09-26 14:40:00,1,31
2024-09-26 15:00:00,1,16
2024-09-26 15:20:00,1,17
2024-09-26 15:40:00,1,17
2024-09-26 16:00:00,1,14
2024-09-26 16:20:00,1,7
2024-09-26 16:40:00,1,7
2024-09-26 17:00:00,1,4
2024-09-26 17:20:00,1,3
2024-09-27 05:00:00,1,15
2024-09-27 05:20:00,1,26
2024-09-27 05:40:00,1,19
2024-09-27 06:00:00,1,15
2024-09-27 06:20:00,1,23
2024-09-27 06:40:00,1,21
2024-09-27 07:00:00,1,22
2024-09-27 07:20:00,1,35
2024-09-27 07:40:00,1,17
2024-09-27 08:00:00,1,15
2024-09-27 08:20:00,1,25
2024-09-27 08:40:00,1,21
2024-09-27 09:00:00,1,21
2024-09-27 09:20:00,1,20
2024-09-27 09:40:00,1,11
2024-09-27 10:00:00,1,13
2024-09-27 10:20:00,1,24
2024-09-27 10:40:00,1,21
2024-09-27 11:00:00,1,19
2024-09-27 11:20:00,1,25
2024-09-27 11:40:00,1,27
2024-09-27 12:00:00,1,15
2024-09-27 12:20:00,1,22
2024-09-27 12:40:00,1,21
2024-09-27 13:00:00,1,21
2024-09-27 13:20:00,1,23
2024-09-27 13:40:00,1,25
2024-09-27 14:00:00,1,17
2024-09-27 14:20:00,1,30
2024-09-27 14:40:00,1,18
2024-09-27 15:00:00,1,21
2024-09-27 15:20:00,1,21
2024-09-27 15:40:00,1,28
2024-09-27 16:00:00,1,15
2024-09-27 16:20:00,1,15
2024-09-27 16:40:00,1,18
2024-09-27 17:00:00,1,14
2024-09-27 17:20:00,1,14
2024-09-27 17:40:00,1,9
2024-09-27 18:00:00,1,2
2024-09-28 05:00:00,1,29
2024-09-28 05:20:00,1,18
2024-09-28 05:40:00,1,23
2024-09-28 06:00:00,1,14
2024-09-28 06:20:00,1,18
2024-09-28 06:40:00,1,26
2024-09-28 07:00:00,1,22
2024-09-28 07:20:00,1,22
2024-09-28 07:40:00,1,20
2024-09-28 08:00:00,1,21
2024-09-28 08:20:00,1,17
2024-09-28 08:40:00,1,20
2024-09-28 09:00:00,1,22
2024-09-28 09:20:00,1,16
2024-09-28 09:40:00,1,12
2024-09-28 10:00:00,1,16
2024-09-28 10:20:00,1,26
2024-09-28 10:40:00,1,21
2024-09-28 11:00:00,1,15
2024-09-28 11:20:00,1,21
2024-09-28 11:40:00,1,24
2024-09-28 12:00:00,1,14
2024-09-28 12:20:00,1,14
2024-09-28 12:40:00,1,16
2024-09-28 13:00:00,1,21
2024-09-28 13:20:00,1,18
2024-09-28 13:40:00,1,21
2024-09-28 14:00:00,1,21
2024-09-28 14:20:00,1,22
2024-09-28 14:40:00,1,16
2024-09-28 15:00:00,1,19
2024-09-28 15:20:00,1,22
2024-09-28 15:40:00,1,18
2024-09-28 16:00:00,1,19
2024-09-28 16:20:00,1,25
2024-09-28 16:40:00,1,19
2024-09-28 17:00:00,1,21
2024-09-28 17:20:00,1,20
2024-09-28 17:40:00,1,14
2024-09-28 18:00:00,1,17
2024-09-28 18:20:00,1,18
2024-09-28 18:40:00,1,13
2024-09-28 19:00:00,1,8
2024-09-28 19:20:00,1,5
2024-09-28 19:40:00,1,3
2024-09-29 05:00:00,1,15
2024-09-29 05:20:00,1,23
2024-09-29 05:40:00,1,22
2024-09-29 06:00:00,1,15
2024-09-29 06:20:00,1,16
2024-09-29 06:40:00,1,23
2024-09-29 07:00:00,1,26
2024-09-29 07:20:00,1,20
2024-09-29 07:40:00,1,12
2024-09-29 08:00:00,1,18
2024-09-29 08:20:00,1,35
2024-09-29 08:40:00,1,16
2024-09-29 09:00:00,1,21
2024-09-29 09:20:00,1,19
2024-09-29 09:40:00,1,21
2024-09-29 10:00:00,1,20
2024-09-29 10:20:00,1,21
2024-09-29 10:40:00,1,17
2024-09-29 11:00:00,1,14
2024-09-29 11:20:00,1,14
2024-09-29 11:40:00,1,28
2024-09-29 12:00:00,1,25
2024-09-29 12:20:00,1,15
2024-09-29 12:40:00,1,21
2024-09-29 13:00:00,1,26
2024-09-29 13:20:00,1,13
2024-09-29 13:40:00,1,11
2024-09-29 14:00:00,1,20
2024-09-29 14:20:00,1,19
2024-09-29 14:40:00,1,23
2024-09-29 15:00:00,1,19
2024-09-29 15:20:00,1,19
2024-09-29 15:40:00,1,30
2024-09-29 16:00:00,1,19
2024-09-29 16:20:00,1,29
2024-09-29 16:40:00,1,12
2024-09-29 17:00:00,1,14
2024-09-29 17:20:00,1,16
2024-09-29 17:40:00,1,20
2024-09-29 18:00:00,1,19
2024-09-29 18:20:00,1,22
2024-09-29 18:40:00,1,25
2024-09-29 19:00:00,1,21
2024-09-29 19:20:00,1,14
2024-09-29 19:40:00,1,15
2024-09-29 20:00:00,1,9
2024-09-29 20:20:00,1,5
2024-09-29 20:40:00,1,7
2024-09-29 21:00:00,1,1
2024-09-30 05:00:00,1,16
2024-09-30 05:20:00,1,17
2024-09-30 05:40:00,1,16
2024-09-30 06:00:00,1,17
2024-09-30 06:20:00,1,16
2024-09-30 06:40:00,1,17
2024-09-30 07:00:00,1,16
2024-09-30 07:20:00,1,17
2024-09-30 07:40:00,1,16
2024-09-30 08:00:00,1,18
2024-09-30 08:20:00,1,16
2024-09-30 08:40:00,1,12
2024-09-30 09:00:00,1,14
2024-09-30 09:20:00,1,10
2024-09-30 09:40:00,1,15
2024-09-30 10:00:00,1,22
2024-09-30 10:20:00,1,12
2024-09-30 10:40:00,1,16
2024-09-30 11:00:00,1,19
2024-09-30 11:20:00,1,17
2024-09-30 11:40:00,1,22
2024-09-30 12:00:00,1,9
2024-09-30 12:20:00,1,16
2024-09-30 12:40:00,1,17
2024-09-30 13:00:00,1,14
2024-09-30 13:20:00,1,15
2024-09-30 13:40:00,1,18
2024-09-30 14:00:00,1,24
2024-09-30 14:20:00,1,17
2024-09-30 14:40:00,1,30
2024-09-30 15:00:00,1,16
2024-09-30 15:20:00,1,18
2024-09-30 15:40:00,1,22
2024-09-30 16:00:00,1,16
2024-09-30 16:20:00,1,19
2024-09-30 16:40:00,1,15
2024-09-30 17:00:00,1,12
2024-09-30 17:20:00,1,18
2024-09-30 17:40:00,1,17
2024-09-30 18:00:00,1,9
2024-09-30 18:20:00,1,18
2024-09-30 18:40:00,1,14
2024-09-30 19:00:00,1,13
2024-09-30 19:20:00,1,26
2024-09-30 19:40:00,1,21
2024-09-30 20:00:00,1,18
2024-09-30 20:20:00,1,9
2024-09-30 20:40:00,1,6
2024-09-30 21:00:00,1,8
2024-09-30 21:20:00,1,5
2024-09-30 22:00:00,1,2
2024-10-01 05:00:00,1,9
2024-10-01 05:20:00,1,12
2024-10-01 05:40:00,1,13
2024-10-01 06:00:00,1,14
2024-10-01 06:20:00,1,15
2024-10-01 06:40:00,1,11
2024-10-01 07:00:00,1,16
2024-10-01 07:20:00,1,17
2024-10-01 07:40:00,1,7
2024-10-01 08:00:00,1,17
2024-10-01 08:20:00,1,13
2024-10-01 08:40:00,1,11
2024-10-01 09:00:00,1,24
2024-10-01 09:20:00,1,18
2024-10-01 09:40:00,1,18
2024-10-01 10:00:00,1,16
2024-10-01 10:20:00,1,16
2024-10-01 10:40:00,1,15
2024-10-01 11:00:00,1,20
2024-10-01 11:20:00,1,10
2024-10-01 11:40:00,1,14
2024-10-01 12:00:00,1,7
2024-10-01 12:20:00,1,17
2024-10-01 12:40:00,1,18
2024-10-01 13:00:00,1,18
2024-10-01 13:20:00,1,16
2024-10-01 13:40:00,1,19
2024-10-01 14:00:00,1,14
2024-10-01 14:20:00,1,10
2024-10-01 14:40:00,1,17
2024-10-01 15:00:00,1,9
2024-10-01 15:20:00,1,15
2024-10-01 15:40:00,1,15
2024-10-01 16:00:00,1,16
2024-10-01 16:20:00,1,25
2024-10-01 16:40:00,1,11
2024-10-01 17:00:00,1,17
2024-10-01 17:20:00,1,20
2024-10-01 17:40:00,1,12
2024-10-01 18:00:00,1,14
2024-10-01 18:20:00,1,14
2024-10-01 18:40:00,1,17
2024-10-01 19:00:00,1,17
2024-10-01 19:20:00,1,18
2024-10-01 19:40:00,1,11
2024-10-01 20:00:00,1,18
2024-10-01 20:20:00,1,9
2024-10-01 20:40:00,1,11
2024-10-01 21:00:00,1,10
2024-10-01 21:20:00,1,4
2024-10-01 21:40:00,1,6
2024-10-01 22:00:00,1,2
2024-10-02 05:00:00,1,31
2024-10-02 05:20:00,1,17
2024-10-02 05:40:00,1,23
2024-10-02 06:00:00,1,21
2024-10-02 06:20:00,1,19
2024-10-02 06:40:00,1,22
2024-10-02 07:00:00,1,20
2024-10-02 07:20:00,1,20
2024-10-02 07:40:00,1,16
2024-10-02 08:00:00,1,13
2024-10-02 08:20:00,1,19
2024-10-02 08:40:00,1,18
2024-10-02 09:00:00,1,29
2024-10-02 09:20:00,1,18
2024-10-02 09:40:00,1,26
2024-10-02 10:00:00,1,21
2024-10-02 10:20:00,1,21
2024-10-02 10:40:00,1,22
2024-10-02 11:00:00,1,20
2024-10-02 11:20:00,1,24
2024-10-02 11:40:00,1,23
2024-10-02 12:00:00,1,28
2024-10-02 12:20:00,1,22
2024-10-02 12:40:00,1,20
2024-10-02 13:00:00,1,21
2024-10-02 13:20:00,1,18
2024-10-02 13:40:00,1,24
2024-10-02 14:00:00,1,17
2024-10-02 14:20:00,1,24
2024-10-02 14:40:00,1,21
2024-10-02 15:00:00,1,18
2024-10-02 15:20:00,1,18
2024-10-02 15:40:00,1,27
2024-10-02 16:00:00,1,15
2024-10-02 16:20:00,1,28
2024-10-02 16:40:00,1,18
2024-10-02 17:00:00,1,17
2024-10-02 17:20:00,1,27
2024-10-02 17:40:00,1,25
2024-10-02 18:00:00,1,20
2024-10-02 18:20:00,1,24
2024-10-02 18:40:00,1,23
2024-10-02 19:00:00,1,24
2024-10-02 19:20:00,1,19
2024-10-02 19:40:00,1,17
2024-10-02 20:00:00,1,15
2024-10-02 20:20:00,1,6
2024-10-02 20:40:00,1,10
2024-10-02 21:00:00,1,3
2024-10-02 21:20:00,1,1
2024-10-03 05:00:00,1,16
2024-10-03 05:20:00,1,23
2024-10-03 05:40:00,1,20
2024-10-03 06:00:00,1,24
2024-10-03 06:20:00,1,15
2024-10-03 06:40:00,1,22
2024-10-03 07:00:00,1,23
2024-10-03 07:20:00,1,19
2024-10-03 07:40:00,1,17
2024-10-03 08:00:00,1,18
2024-10-03 08:20:00,1,25
2024-10-03 08:40:00,1,20
2024-10-03 09:00:00,1,29
2024-10-03 09:20:00,1,18
2024-10-03 09:40:00,1,24
2024-10-03 10:00:00,1,21
2024-10-03 10:20:00,1,20
2024-10-03 10:40:00,1,22
2024-10-03 11:00:00,1,14
2024-10-03 11:20:00,1,16
2024-10-03 11:40:00,1,12
2024-10-03 12:00:00,1,19
2024-10-03 12:20:00,1,20
2024-10-03 12:40:00,1,19
2024-10-03 13:00:00,1,19
2024-10-03 13:20:00,1,18
2024-10-03 13:40:00,1,13
2024-10-03 14:00:00,1,23
2024-10-03 14:20:00,1,24
2024-10-03 14:40:00,1,12
2024-10-03 15:00:00,1,33
2024-10-03 15:20:00,1,26
2024-10-03 15:40:00,1,12
2024-10-03 16:00:00,1,22
2024-10-03 16:20:00,1,15
2024-10-03 16:40:00,1,22
2024-10-03 17:00:00,1,18
2024-10-03 17:20:00,1,25
2024-10-03 17:40:00,1,18
2024-10-03 18:00:00,1,16
2024-10-03 18:20:00,1,13
2024-10-03 18:40:00,1,13
2024-10-03 19:00:00,1,10
2024-10-03 19:20:00,1,10
2024-10-03 19:40:00,1,4
2024-10-03 20:00:00,1,1
2024-10-04 05:00:00,1,14
2024-10-04 05:20:00,1,30
2024-10-04 05:40:00,1,30
2024-10-04 06:00:00,1,21
2024-10-04 06:20:00,1,21
2024-10-04 06:40:00,1,23
2024-10-04 07:00:00,1,13
2024-10-04 07:20:00,1,16
2024-10-04 07:40:00,1,16
2024-10-04 08:00:00,1,16
2024-10-04 08:20:00,1,15
2024-10-04 08:40:00,1,18
2024-10-04 09:00:00,1,10
2024-10-04 09:20:00,1,22
2024-10-04 09:40:00,1,27
2024-10-04 10:00:00,1,19
2024-10-04 10:20:00,1,18
2024-10-04 10:40:00,1,29
2024-10-04 11:00:00,1,26
2024-10-04 11:20:00,1,19
2024-10-04 11:40:00,1,19
2024-10-04 12:00:00,1,21
2024-10-04 12:20:00,1,19
2024-10-04 12:40:00,1,20
2024-10-04 13:00:00,1,18
2024-10-04 13:20:00,1,19
2024-10-04 13:40:00,1,23
2024-10-04 14:00:00,1,29
2024-10-04 14:20:00,1,25
2024-10-04 14:40:00,1,29
2024-10-04 15:00:00,1,17
2024-10-04 15:20:00,1,31
2024-10-04 15:40:00,1,15
2024-10-04 16:00:00,1,22
2024-10-04 16:20:00,1,26
2024-10-04 16:40:00,1,22
2024-10-04 17:00:00,1,18
2024-10-04 17:20:00,1,11
2024-10-04 17:40:00,1,12
2024-10-04 18:00:00,1,10
2024-10-04 18:20:00,1,5
2024-10-04 18:40:00,1,7
2024-10-05 05:00:00,1,19
2024-10-05 05:20:00,1,28
2024-10-05 05:40:00,1,20
2024-10-05 06:00:00,1,18
2024-10-05 06:20:00,1,27
2024-10-05 06:40:00,1,21
2024-10-05 07:00:00,1,23
2024-10-05 07:20:00,1,17
2024-10-05 07:40:00,1,15
2024-10-05 08:00:00,1,23
2024-10-05 08:20:00,1,19
2024-10-05 08:40:00,1,24
2024-10-05 09:00:00,1,24
2024-10-05 09:20:00,1,21
2024-10-05 09:40:00,1,19
2024-10-05 10:00:00,1,25
2024-10-05 10:20:00,1,23
2024-10-05 10:40:00,1,23
2024-10-05 11:00:00,1,16
2024-10-05 11:20:00,1,13
2024-10-05 11:40:00,1,26
2024-10-05 12:00:00,1,25
2024-10-05 12:20:00,1,32
2024-10-05 12:40:00,1,32
2024-10-05 13:00:00,1,27
2024-10-05 13:20:00,1,26
2024-10-05 13:40:00,1,21
2024-10-05 14:00:00,1,13
2024-10-05 14:20:00,1,25
2024-10-05 14:40:00,1,21
2024-10-05 15:00:00,1,27
2024-10-05 15:20:00,1,19
2024-10-05 15:40:00,1,27
2024-10-05 16:00:00,1,16
2024-10-05 16:20:00,1,14
2024-10-05 16:40:00,1,12
2024-10-05 17:00:00,1,11
2024-10-05 17:20:00,1,7
2024-10-05 17:40:00,1,4
2024-10-06 05:00:00,1,14
2024-10-06 05:20:00,1,26
2024-10-06 05:40:00,1,30
2024-10-06 06:00:00,1,28
2024-10-06 06:20:00,1,30
2024-10-06 06:40:00,1,28
2024-10-06 07:00:00,1,15
2024-10-06 07:20:00,1,23
2024-10-06 07:40:00,1,20
2024-10-06 08:00:00,1,20
2024-10-06 08:20:00,1,24
2024-10-06 08:40:00,1,19
2024-10-06 09:00:00,1,22
2024-10-06 09:20:00,1,16
2024-10-06 09:40:00,1,31
2024-10-06 10:00:00,1,22
2024-10-06 10:20:00,1,24
2024-10-06 10:40:00,1,25
2024-10-06 11:00:00,1,30
2024-10-06 11:20:00,1,36
2024-10-06 11:40:00,1,22
2024-10-06 12:00:00,1,25
2024-10-06 12:20:00,1,23
2024-10-06 12:40:00,1,24
2024-10-06 13:00:00,1,20
2024-10-06 13:20:00,1,22
2024-10-06 13:40:00,1,23
2024-10-06 14:00:00,1,30
2024-10-06 14:20:00,1,19
2024-10-06 14:40:00,1,31
2024-10-06 15:00:00,1,29
2024-10-06 15:20:00,1,23
2024-10-06 15:40:00,1,19
2024-10-06 16:00:00,1,18
2024-10-06 16:20:00,1,14
2024-10-06 16:40:00,1,15
2024-10-06 17:00:00,1,7
2024-10-06 17:20:00,1,6
2024-10-06 17:40:00,1,2
2024-10-07 05:00:00,1,28
2024-10-07 05:20:00,1,28
2024-10-07 05:40:00,1,25
2024-10-07 06:00:00,1,22
2024-10-07 06:20:00,1,23
2024-10-07 06:40:00,1,23
2024-10-07 07:00:00,1,17
2024-10-07 07:20:00,1,41
2024-10-07 07:40:00,1,23
2024-10-07 08:00:00,1,13
2024-10-07 08:20:00,1,14
2024-10-07 08:40:00,1,20
2024-10-07 09:00:00,1,25
2024-10-07 09:20:00,1,25
2024-10-07 09:40:00,1,28
2024-10-07 10:00:00,1,19
2024-10-07 10:20:00,1,18
2024-10-07 10:40:00,1,22
2024-10-07 11:00:00,1,23
2024-10-07 11:20:00,1,29
2024-10-07 11:40:00,1,18
2024-10-07 12:00:00,1,33
2024-10-07 12:20:00,1,24
2024-10-07 12:40:00,1,34
2024-10-07 13:00:00,1,23
2024-10-07 13:20:00,1,22
2024-10-07 13:40:00,1,16
2024-10-07 14:00:00,1,20
2024-10-07 14:20:00,1,22
2024-10-07 14:40:00,1,30
2024-10-07 15:00:00,1,22
2024-10-07 15:20:00,1,20
2024-10-07 15:40:00,1,21
2024-10-07 16:00:00,1,25
2024-10-07 16:20:00,1,19
2024-10-07 16:40:00,1,20
2024-10-07 17:00:00,1,9
2024-10-07 17:20:00,1,5
2024-10-07 17:40:00,1,8
2024-10-07 18:00:00,1,3
2024-10-07 18:20:00,1,3
2024-10-08 05:00:00,1,24
2024-10-08 05:20:00,1,22
2024-10-08 05:40:00,1,14
2024-10-08 06:00:00,1,17
2024-10-08 06:20:00,1,19
2024-10-08 06:40:00,1,21
2024-10-08 07:00:00,1,14
2024-10-08 07:20:00,1,17
2024-10-08 07:40:00,1,20
2024-10-08 08:00:00,1,16
2024-10-08 08:20:00,1,21
2024-10-08 08:40:00,1,26
2024-10-08 09:00:00,1,18
2024-10-08 09:20:00,1,25
2024-10-08 09:40:00,1,25
2024-10-08 10:00:00,1,15
2024-10-08 10:20:00,1,20
2024-10-08 10:40:00,1,20
2024-10-08 11:00:00,1,16
2024-10-08 11:20:00,1,19
2024-10-08 11:40:00,1,19
2024-10-08 12:00:00,1,16
2024-10-08 12:20:00,1,19
2024-10-08 12:40:00,1,10
2024-10-08 13:00:00,1,23
2024-10-08 13:20:00,1,19
2024-10-08 13:40:00,1,16
2024-10-08 14:00:00,1,19
2024-10-08 14:20:00,1,22
2024-10-08 14:40:00,1,19
2024-10-08 15:00:00,1,23
2024-10-08 15:20:00,1,15
2024-10-08 15:40:00,1,20
2024-10-08 16:00:00,1,15
2024-10-08 16:20:00,1,11
2024-10-08 16:40:00,1,17
2024-10-08 17:00:00,1,18
2024-10-08 17:20:00,1,15
2024-10-08 17:40:00,1,17
2024-10-08 18:00:00,1,6
2024-10-08 18:20:00,1,8
2024-10-08 18:40:00,1,4
2024-10-08 19:00:00,1,8
2024-10-08 19:20:00,1,1
2024-10-09 05:00:00,1,21
2024-10-09 05:20:00,1,23
2024-10-09 05:40:00,1,22
2024-10-09 06:00:00,1,22
2024-10-09 06:20:00,1,22
2024-10-09 06:40:00,1,21
2024-10-09 07:00:00,1,23
2024-10-09 07:20:00,1,21
2024-10-09 07:40:00,1,19
2024-10-09 08:00:00,1,20
2024-10-09 08:20:00,1,20
2024-10-09 08:40:00,1,26
2024-10-09 09:00:00,1,20
2024-10-09 09:20:00,1,27
2024-10-09 09:40:00,1,23
2024-10-09 10:00:00,1,18
2024-10-09 10:20:00,1,17
2024-10-09 10:40:00,1,21
2024-10-09 11:00:00,1,15
2024-10-09 11:20:00,1,28
2024-10-09 11:40:00,1,10
2024-10-09 12:00:00,1,22
2024-10-09 12:20:00,1,22
2024-10-09 12:40:00,1,17
2024-10-09 13:00:00,1,12
2024-10-09 13:20:00,1,19
2024-10-09 13:40:00,1,26
2024-10-09 14:00:00,1,17
2024-10-09 14:20:00,1,14
2024-10-09 14:40:00,1,14
2024-10-09 15:00:00,1,22
2024-10-09 15:20:00,1,17
2024-10-09 15:40:00,1,18
2024-10-09 16:00:00,1,16
2024-10-09 16:20:00,1,18
2024-10-09 16:40:00,1,19
2024-10-09 17:00:00,1,19
2024-10-09 17:20:00,1,19
2024-10-09 17:40:00,1,27
2024-10-09 18:00:00,1,19
2024-10-09 18:20:00,1,22
2024-10-09 18:40:00,1,16
2024-10-09 19:00:00,1,10
2024-10-09 19:20:00,1,11
2024-10-09 19:40:00,1,6
2024-10-09 20:00:00,1,3
2024-10-09 20:20:00,1,3
2024-10-09 20:40:00,1,2
2024-10-10 05:00:00,1,17
2024-10-10 05:20:00,1,14
2024-10-10 05:40:00,1,25
2024-10-10 06:00:00,1,17
2024-10-10 06:20:00,1,15
2024-10-10 06:40:00,1,20
2024-10-10 07:00:00,1,21
2024-10-10 07:20:00,1,17
2024-10-10 07:40:00,1,14
2024-10-10 08:00:00,1,13
2024-10-10 08:20:00,1,15
2024-10-10 08:40:00,1,17
2024-10-10 09:00:00,1,16
2024-10-10 09:20:00,1,14
2024-10-10 09:40:00,1,19
2024-10-10 10:00:00,1,15
2024-10-10 10:20:00,1,21
2024-10-10 10:40:00,1,12
2024-10-10 11:00:00,1,16
2024-10-10 11:20:00,1,21
2024-10-10 11:40:00,1,14
2024-10-10 12:00:00,1,16
2024-10-10 12:20:00,1,18
2024-10-10 12:40:00,1,20
2024-10-10 13:00:00,1,14
2024-10-10 13:20:00,1,14
2024-10-10 13:40:00,1,24
2024-10-10 14:00:00,1,22
2024-10-10 14:20:00,1,18
2024-10-10 14:40:00,1,16
2024-10-10 15:00:00,1,24
2024-10-10 15:20:00,1,19
2024-10-10 15:40:00,1,21
2024-10-10 16:00:00,1,15
2024-10-10 16:20:00,1,14
2024-10-10 16:40:00,1,19
2024-10-10 17:00:00,1,25
2024-10-10 17:20:00,1,17
2024-10-10 17:40:00,1,18
2024-10-10 18:00:00,1,25
2024-10-10 18:20:00,1,17
2024-10-10 18:40:00,1,18
2024-10-10 19:00:00,1,20
2024-10-10 19:20:00,1,14
2024-10-10 19:40:00,1,14
2024-10-10 20:00:00,1,11
2024-10-10 20:20:00,1,3
2024-10-10 20:40:00,1,2
2024-10-10 21:00:00,1,7
2024-10-10 21:20:00,1,3
2024-10-11 05:00:00,1,26
2024-10-11 05:20:00,1,16
2024-10-11 05:40:00,1,20
2024-10-11 06:00:00,1,17
2024-10-11 06:20:00,1,21
2024-10-11 06:40:00,1,18
2024-10-11 07:00:00,1,16
2024-10-11 07:20:00,1,14
2024-10-11 07:40:00,1,15
2024-10-11 08:00:00,1,21
2024-10-11 08:20:00,1,21
2024-10-11 08:40:00,1,18
2024-10-11 09:00:00,1,17
2024-10-11 09:20:00,1,18
2024-10-11 09:40:00,1,18
2024-10-11 10:00:00,1,22
2024-10-11 10:20:00,1,21
2024-10-11 10:40:00,1,23
2024-10-11 11:00:00,1,18
2024-10-11 11:20:00,1,14
2024-10-11 11:40:00,1,21
2024-10-11 12:00:00,1,13
2024-10-11 12:20:00,1,13
2024-10-11 12:40:00,1,14
2024-10-11 13:00:00,1,11
2024-10-11 13:20:00,1,25
2024-10-11 13:40:00,1,19
2024-10-11 14:00:00,1,10
2024-10-11 14:20:00,1,18
2024-10-11 14:40:00,1,19
2024-10-11 15:00:00,1,10
2024-10-11 15:20:00,1,13
2024-10-11 15:40:00,1,13
2024-10-11 16:00:00,1,25
2024-10-11 16:20:00,1,19
2024-10-11 16:40:00,1,16
2024-10-11 17:00:00,1,17
2024-10-11 17:20:00,1,20
2024-10-11 17:40:00,1,13
2024-10-11 18:00:00,1,12
2024-10-11 18:20:00,1,13
2024-10-11 18:40:00,1,17
2024-10-11 19:00:00,1,11
2024-10-11 19:20:00,1,15
2024-10-11 19:40:00,1,14
2024-10-11 20:00:00,1,12
2024-10-11 20:20:00,1,9
2024-10-11 20:40:00,1,5
2024-10-11 21:00:00,1,6
2024-10-11 21:20:00,1,2
2024-10-11 21:40:00,1,1
2024-10-12 05:00:00,1,17
2024-10-12 05:20:00,1,23
2024-10-12 05:40:00,1,9
2024-10-12 06:00:00,1,13
2024-10-12 06:20:00,1,20
2024-10-12 06:40:00,1,15
2024-10-12 07:00:00,1,23
2024-10-12 07:20:00,1,17
2024-10-12 07:40:00,1,23
2024-10-12 08:00:00,1,21
2024-10-12 08:20:00,1,12
2024-10-12 08:40:00,1,17
2024-10-12 09:00:00,1,21
2024-10-12 09:20:00,1,21
2024-10-12 09:40:00,1,21
2024-10-12 10:00:00,1,25
2024-10-12 10:20:00,1,19
2024-10-12 10:40:00,1,16
2024-10-12 11:00:00,1,17
2024-10-12 11:20:00,1,15
2024-10-12 11:40:00,1,12
2024-10-12 12:00:00,1,18
2024-10-12 12:20:00,1,15
2024-10-12 12:40:00,1,17
2024-10-12 13:00:00,1,25
2024-10-12 13:20:00,1,17
2024-10-12 13:40:00,1,13
2024-10-12 14:00:00,1,23
2024-10-12 14:20:00,1,22
2024-10-12 14:40:00,1,18
2024-10-12 15:00:00,1,20
2024-10-12 15:20:00,1,25
2024-10-12 15:40:00,1,21
2024-10-12 16:00:00,1,18
2024-10-12 16:20:00,1,19
2024-10-12 16:40:00,1,23
2024-10-12 17:00:00,1,15
2024-10-12 17:20:00,1,14
2024-10-12 17:40:00,1,12
2024-10-12 18:00:00,1,13
2024-10-12 18:20:00,1,19
2024-10-12 18:40:00,1,26
2024-10-12 19:00:00,1,21
2024-10-12 19:20:00,1,14
2024-10-12 19:40:00,1,17
2024-10-12 20:00:00,1,9
2024-10-12 20:20:00,1,10
2024-10-12 20:40:00,1,6
2024-10-12 21:00:00,1,3
2024-10-12 21:20:00,1,1
2024-10-13 05:00:00,1,31
2024-10-13 05:20:00,1,19
2024-10-13 05:40:00,1,33
2024-10-13 06:00:00,1,14
2024-10-13 06:20:00,1,30
2024-10-13 06:40:00,1,28
2024-10-13 07:00:00,1,23
2024-10-13 07:20:00,1,24
2024-10-13 07:40:00,1,19
2024-10-13 08:00:00,1,13
2024-10-13 08:20:00,1,25
2024-10-13 08:40:00,1,26
2024-10-13 09:00:00,1,22
2024-10-13 09:20:00,1,25
2024-10-13 09:40:00,1,23
2024-10-13 10:00:00,1,28
2024-10-13 10:20:00,1,21
2024-10-13 10:40:00,1,19
2024-10-13 11:00:00,1,26
2024-10-13 11:20:00,1,19
2024-10-13 11:40:00,1,21
2024-10-13 12:00:00,1,27
2024-10-13 12:20:00,1,30
2024-10-13 12:40:00,1,17
2024-10-13 13:00:00,1,24
2024-10-13 13:20:00,1,21
2024-10-13 13:40:00,1,24
2024-10-13 14:00:00,1,24
2024-10-13 14:20:00,1,27
2024-10-13 14:40:00,1,19
2024-10-13 15:00:00,1,26
2024-10-13 15:20:00,1,16
2024-10-13 15:40:00,1,22
2024-10-13 16:00:00,1,24
2024-10-13 16:20:00,1,25
2024-10-13 16:40:00,1,22
2024-10-13 17:00:00,1,21
2024-10-13 17:20:00,1,25
2024-10-13 17:40:00,1,22
2024-10-13 18:00:00,1,22
2024-10-13 18:20:00,1,20
2024-10-13 18:40:00,1,14
2024-10-13 19:00:00,1,11
2024-10-13 19:20:00,1,10
2024-10-13 19:40:00,1,7
2024-10-13 20:00:00,1,3
2024-10-13 20:20:00,1,4
2024-10-14 05:00:00,1,17
2024-10-14 05:20:00,1,19
2024-10-14 05:40:00,1,19
2024-10-14 06:00:00,1,22
2024-10-14 06:20:00,1,20
2024-10-14 06:40:00,1,16
2024-10-14 07:00:00,1,16
2024-10-14 07:20:00,1,25
2024-10-14 07:40:00,1,22
2024-10-14 08:00:00,1,20
2024-10-14 08:20:00,1,26
2024-10-14 08:40:00,1,20
2024-10-14 09:00:00,1,25
2024-10-14 09:20:00,1,18
2024-10-14 09:40:00,1,20
2024-10-14 10:00:00,1,18
2024-10-14 10:20:00,1,26
2024-10-14 10:40:00,1,14
2024-10-14 11:00:00,1,14
2024-10-14 11:20:00,1,18
2024-10-14 11:40:00,1,24
2024-10-14 12:00:00,1,22
2024-10-14 12:20:00,1,21
2024-10-14 12:40:00,1,20
2024-10-14 13:00:00,1,16
2024-10-14 13:20:00,1,17
2024-10-14 13:40:00,1,26
2024-10-14 14:00:00,1,21
2024-10-14 14:20:00,1,22
2024-10-14 14:40:00,1,25
2024-10-14 15:00:00,1,26
2024-10-14 15:20:00,1,28
2024-10-14 15:40:00,1,24
2024-10-14 16:00:00,1,25
2024-10-14 16:20:00,1,18
2024-10-14 16:40:00,1,24
2024-10-14 17:00:00,1,24
2024-10-14 17:20:00,1,25
2024-10-14 17:40:00,1,15
2024-10-14 18:00:00,1,17
2024-10-14 18:20:00,1,10
2024-10-14 18:40:00,1,8
2024-10-14 19:00:00,1,3
2024-10-15 05:00:00,1,19
2024-10-15 05:20:00,1,25
2024-10-15 05:40:00,1,17
2024-10-15 06:00:00,1,16
2024-10-15 06:20:00,1,23
2024-10-15 06:40:00,1,16
2024-10-15 07:00:00,1,23
2024-10-15 07:20:00,1,22
2024-10-15 07:40:00,1,23
2024-10-15 08:00:00,1,22
2024-10-15 08:20:00,1,36
2024-10-15 08:40:00,1,23
2024-10-15 09:00:00,1,22
2024-10-15 09:20:00,1,29
2024-10-15 09:40:00,1,19
2024-10-15 10:00:00,1,22
2024-10-15 10:20:00,1,22
2024-10-15 10:40:00,1,19
2024-10-15 11:00:00,1,21
2024-10-15 11:20:00,1,21
2024-10-15 11:40:00,1,27
2024-10-15 12:00:00,1,25
2024-10-15 12:20:00,1,31
2024-10-15 12:40:00,1,21
2024-10-15 13:00:00,1,20
2024-10-15 13:20:00,1,22
2024-10-15 13:40:00,1,24
2024-10-15 14:00:00,1,24
2024-10-15 14:20:00,1,18
2024-10-15 14:40:00,1,21
2024-10-15 15:00:00,1,16
2024-10-15 15:20:00,1,25
2024-10-15 15:40:00,1,23
2024-10-15 16:00:00,1,19
2024-10-15 16:20:00,1,16
2024-10-15 16:40:00,1,15
2024-10-15 17:00:00,1,9
2024-10-15 17:20:00,1,14
2024-10-15 17:40:00,1,8
2024-10-15 18:00:00,1,4
2024-10-15 18:20:00,1,1
2024-10-16 05:00:00,1,25
2024-10-16 05:20:00,1,24
2024-10-16 05:40:00,1,20
2024-10-16 06:00:00,1,28
2024-10-16 06:20:00,1,23
2024-10-16 06:40:00,1,22
2024-10-16 07:00:00,1,21
2024-10-16 07:20:00,1,21
2024-10-16 07:40:00,1,25
2024-10-16 08:00:00,1,30
2024-10-16 08:20:00,1,29
2024-10-16 08:40:00,1,27
2024-10-16 09:00:00,1,20
2024-10-16 09:20:00,1,14
2024-10-16 09:40:00,1,27
2024-10-16 10:00:00,1,37
2024-10-16 10:20:00,1,30
2024-10-16 10:40:00,1,19
2024-10-16 11:00:00,1,23
2024-10-16 11:20:00,1,25
2024-10-16 11:40:00,1,27
2024-10-16 12:00:00,1,22
2024-10-16 12:20:00,1,18
2024-10-16 12:40:00,1,24
2024-10-16 13:00:00,1,25
2024-10-16 13:20:00,1,30
2024-10-16 13:40:00,1,20
2024-10-16 14:00:00,1,22
2024-10-16 14:20:00,1,22
2024-10-16 14:40:00,1,18
2024-10-16 15:00:00,1,22
2024-10-16 15:20:00,1,28
2024-10-16 15:40:00,1,33
2024-10-16 16:00:00,1,25
2024-10-16 16:20:00,1,16
2024-10-16 16:40:00,1,20
2024-10-16 17:00:00,1,9
2024-10-16 17:20:00,1,12
2024-10-16 17:40:00,1,7
2024-10-16 18:00:00,1,4
2024-10-16 18:20:00,1,1
2024-10-17 05:00:00,1,26
2024-10-17 05:20:00,1,25
2024-10-17 05:40:00,1,31
2024-10-17 06:00:00,1,27
2024-10-17 06:20:00,1,23
2024-10-17 06:40:00,1,19
2024-10-17 07:00:00,1,19
2024-10-17 07:20:00,1,14
2024-10-17 07:40:00,1,17
2024-10-17 08:00:00,1,11
2024-10-17 08:20:00,1,24
2024-10-17 08:40:00,1,21
2024-10-17 09:00:00,1,25
2024-10-17 09:20:00,1,26
2024-10-17 09:40:00,1,24
2024-10-17 10:00:00,1,21
2024-10-17 10:20:00,1,22
2024-10-17 10:40:00,1,23
2024-10-17 11:00:00,1,22
2024-10-17 11:20:00,1,12
2024-10-17 11:40:00,1,24
2024-10-17 12:00:00,1,11
2024-10-17 12:20:00,1,25
2024-10-17 12:40:00,1,19
2024-10-17 13:00:00,1,24
2024-10-17 13:20:00,1,15
2024-10-17 13:40:00,1,20
2024-10-17 14:00:00,1,14
2024-10-17 14:20:00,1,24
2024-10-17 14:40:00,1,14
2024-10-17 15:00:00,1,21
2024-10-17 15:20:00,1,26
2024-10-17 15:40:00,1,24
2024-10-17 16:00:00,1,24
2024-10-17 16:20:00,1,13
2024-10-17 16:40:00,1,23
2024-10-17 17:00:00,1,10
2024-10-17 17:20:00,1,12
2024-10-17 17:40:00,1,7
2024-10-17 18:00:00,1,2
2024-10-17 18:20:00,1,1
2024-10-18 05:00:00,1,22
2024-10-18 05:20:00,1,22
2024-10-18 05:40:00,1,26
2024-10-18 06:00:00,1,15
2024-10-18 06:20:00,1,17
2024-10-18 06:40:00,1,23
2024-10-18 07:00:00,1,30
2024-10-18 07:20:00,1,26
2024-10-18 07:40:00,1,24
2024-10-18 08:00:00,1,24
2024-10-18 08:20:00,1,23
2024-10-18 08:40:00,1,18
2024-10-18 09:00:00,1,15
2024-10-18 09:20:00,1,22
2024-10-18 09:40:00,1,23
2024-10-18 10:00:00,1,17
2024-10-18 10:20:00,1,19
2024-10-18 10:40:00,1,25
2024-10-18 11:00:00,1,21
2024-10-18 11:20:00,1,20
2024-10-18 11:40:00,1,28
2024-10-18 12:00:00,1,22
2024-10-18 12:20:00,1,18
2024-10-18 12:40:00,1,22
2024-10-18 13:00:00,1,21
2024-10-18 13:20:00,1,21
2024-10-18 13:40:00,1,22
2024-10-18 14:00:00,1,25
2024-10-18 14:20:00,1,17
2024-10-18 14:40:00,1,18
2024-10-18 15:00:00,1,26
2024-10-18 15:20:00,1,15
2024-10-18 15:40:00,1,12
2024-10-18 16:00:00,1,22
2024-10-18 16:20:00,1,22
2024-10-18 16:40:00,1,15
2024-10-18 17:00:00,1,18
2024-10-18 17:20:00,1,19
2024-10-18 17:40:00,1,8
2024-10-18 18:00:00,1,9
2024-10-18 18:20:00,1,7
2024-10-18 18:40:00,1,5
2024-10-18 19:00:00,1,4
2024-10-18 19:20:00,1,1
2024-10-19 05:00:00,1,9
2024-10-19 05:20:00,1,17
2024-10-19 05:40:00,1,11
2024-10-19 06:00:00,1,18
2024-10-19 06:20:00,1,24
2024-10-19 06:40:00,1,23
2024-10-19 07:00:00,1,17
2024-10-19 07:20:00,1,19
2024-10-19 07:40:00,1,20
2024-10-19 08:00:00,1,19
2024-10-19 08:20:00,1,16
2024-10-19 08:40:00,1,15
2024-10-19 09:00:00,1,14
2024-10-19 09:20:00,1,15
2024-10-19 09:40:00,1,13
2024-10-19 10:00:00,1,20
2024-10-19 10:20:00,1,22
2024-10-19 10:40:00,1,16
2024-10-19 11:00:00,1,17
2024-10-19 11:20:00,1,29
2024-10-19 11:40:00,1,20
2024-10-19 12:00:00,1,18
2024-10-19 12:20:00,1,19
2024-10-19 12:40:00,1,15
2024-10-19 13:00:00,1,17
2024-10-19 13:20:00,1,32
2024-10-19 13:40:00,1,9
2024-10-19 14:00:00,1,19
2024-10-19 14:20:00,1,16
2024-10-19 14:40:00,1,23
2024-10-19 15:00:00,1,33
2024-10-19 15:20:00,1,18
2024-10-19 15:40:00,1,17
2024-10-19 16:00:00,1,15
2024-10-19 16:20:00,1,17
2024-10-19 16:40:00,1,21
2024-10-19 17:00:00,1,21
2024-10-19 17:20:00,1,18
2024-10-19 17:40:00,1,15
2024-10-19 18:00:00,1,9
2024-10-19 18:20:00,1,12
2024-10-19 18:40:00,1,12
2024-10-19 19:00:00,1,10
2024-10-19 19:20:00,1,6
2024-10-19 19:40:00,1,3
2024-10-19 20:00:00,1,2
2024-10-20 05:00:00,1,23
2024-10-20 05:20:00,1,14
2024-10-20 05:40:00,1,19
2024-10-20 06:00:00,1,24
2024-10-20 06:20:00,1,20
2024-10-20 06:40:00,1,13
2024-10-20 07:00:00,1,17
2024-10-20 07:20:00,1,13
2024-10-20 07:40:00,1,15
2024-10-20 08:00:00,1,18
2024-10-20 08:20:00,1,17
2024-10-20 08:40:00,1,17
2024-10-20 09:00:00,1,20
2024-10-20 09:20:00,1,13
2024-10-20 09:40:00,1,21
2024-10-20 10:00:00,1,18
2024-10-20 10:20:00,1,9
2024-10-20 10:40:00,1,19
2024-10-20 11:00:00,1,9
2024-10-20 11:20:00,1,16
2024-10-20 11:40:00,1,16
2024-10-20 12:00:00,1,18
2024-10-20 12:20:00,1,21
2024-10-20 12:40:00,1,13
2024-10-20 13:00:00,1,19
2024-10-20 13:20:00,1,19
2024-10-20 13:40:00,1,25
2024-10-20 14:00:00,1,25
2024-10-20 14:20:00,1,16
2024-10-20 14:40:00,1,17
2024-10-20 15:00:00,1,17
2024-10-20 15:20:00,1,11
2024-10-20 15:40:00,1,22
2024-10-20 16:00:00,1,19
2024-10-20 16:20:00,1,18
2024-10-20 16:40:00,1,19
2024-10-20 17:00:00,1,21
2024-10-20 17:20:00,1,20
2024-10-20 17:40:00,1,24
2024-10-20 18:00:00,1,26
2024-10-20 18:20:00,1,13
2024-10-20 18:40:00,1,16
2024-10-20 19:00:00,1,9
2024-10-20 19:20:00,1,17
2024-10-20 19:40:00,1,15
2024-10-20 20:00:00,1,7
2024-10-20 20:20:00,1,6
2024-10-20 20:40:00,1,3
2024-10-20 21:00:00,1,1
2024-10-21 05:00:00,1,12
2024-10-21 05:20:00,1,27
2024-10-21 05:40:00,1,19
2024-10-21 06:00:00,1,14
2024-10-21 06:20:00,1,22
2024-10-21 06:40:00,1,23
2024-10-21 07:00:00,1,24
2024-10-21 07:20:00,1,18
2024-10-21 07:40:00,1,24
2024-10-21 08:00:00,1,13
2024-10-21 08:20:00,1,12
2024-10-21 08:40:00,1,21
2024-10-21 09:00:00,1,15
2024-10-21 09:20:00,1,26
2024-10-21 09:40:00,1,21
2024-10-21 10:00:00,1,22
2024-10-21 10:20:00,1,30
2024-10-21 10:40:00,1,14
2024-10-21 11:00:00,1,14
2024-10-21 11:20:00,1,26
2024-10-21 11:40:00,1,15
2024-10-21 12:00:00,1,16
2024-10-21 12:20:00,1,26
2024-10-21 12:40:00,1,24
2024-10-21 13:00:00,1,21
2024-10-21 13:20:00,1,24
2024-10-21 13:40:00,1,13
2024-10-21 14:00:00,1,21
2024-10-21 14:20:00,1,20
2024-10-21 14:40:00,1,20
2024-10-21 15:00:00,1,16
2024-10-21 15:20:00,1,12
2024-10-21 15:40:00,1,17
2024-10-21 16:00:00,1,14
2024-10-21 16:20:00,1,24
2024-10-21 16:40:00,1,21
2024-10-21 17:00:00,1,22
2024-10-21 17:20:00,1,18
2024-10-21 17:40:00,1,20
2024-10-21 18:00:00,1,26
2024-10-21 18:20:00,1,17
2024-10-21 18:40:00,1,11
2024-10-21 19:00:00,1,11
2024-10-21 19:20:00,1,12
2024-10-21 19:40:00,1,10
2024-10-21 20:00:00,1,6
2024-10-21 20:20:00,1,7
2024-10-21 20:40:00,1,5
2024-10-21 21:00:00,1,2
2024-10-22 05:00:00,1,23
2024-10-22 05:20:00,1,20
2024-10-22 05:40:00,1,11
2024-10-22 06:00:00,1,19
2024-10-22 06:20:00,1,18
2024-10-22 06:40:00,1,8
2024-10-22 07:00:00,1,24
2024-10-22 07:20:00,1,22
2024-10-22 07:40:00,1,15
2024-10-22 08:00:00,1,16
2024-10-22 08:20:00,1,28
2024-10-22 08:40:00,1,28
2024-10-22 09:00:00,1,21
2024-10-22 09:20:00,1,19
2024-10-22 09:40:00,1,24
2024-10-22 10:00:00,1,16
2024-10-22 10:20:00,1,15
2024-10-22 10:40:00,1,19
2024-10-22 11:00:00,1,27
2024-10-22 11:20:00,1,22
2024-10-22 11:40:00,1,14
2024-10-22 12:00:00,1,19
2024-10-22 12:20:00,1,13
2024-10-22 12:40:00,1,25
2024-10-22 13:00:00,1,15
2024-10-22 13:20:00,1,21
2024-10-22 13:40:00,1,29
2024-10-22 14:00:00,1,23
2024-10-22 14:20:00,1,23
2024-10-22 14:40:00,1,13
2024-10-22 15:00:00,1,17
2024-10-22 15:20:00,1,12
2024-10-22 15:40:00,1,17
2024-10-22 16:00:00,1,21
2024-10-22 16:20:00,1,10
2024-10-22 16:40:00,1,16
2024-10-22 17:00:00,1,13
2024-10-22 17:20:00,1,18
2024-10-22 17:40:00,1,29
2024-10-22 18:00:00,1,18
2024-10-22 18:20:00,1,12
2024-10-22 18:40:00,1,22
2024-10-22 19:00:00,1,27
2024-10-22 19:20:00,1,17
2024-10-22 19:40:00,1,5
2024-10-22 20:00:00,1,8
2024-10-22 20:20:00,1,5
2024-10-22 20:40:00,1,2
2024-10-22 21:00:00,1,1
2024-10-23 05:00:00,1,15
2024-10-23 05:20:00,1,23
2024-10-23 05:40:00,1,18
2024-10-23 06:00:00,1,19
2024-10-23 06:20:00,1,16
2024-10-23 06:40:00,1,20
2024-10-23 07:00:00,1,11
2024-10-23 07:20:00,1,12
2024-10-23 07:40:00,1,18
2024-10-23 08:00:00,1,21
2024-10-23 08:20:00,1,14
2024-10-23 08:40:00,1,12
2024-10-23 09:00:00,1,20
2024-10-23 09:20:00,1,21
2024-10-23 09:40:00,1,16
2024-10-23 10:00:00,1,22
2024-10-23 10:20:00,1,26
2024-10-23 10:40:00,1,19
2024-10-23 11:00:00,1,32
2024-10-23 11:20:00,1,14
2024-10-23 11:40:00,1,17
2024-10-23 12:00:00,1,30
2024-10-23 12:20:00,1,17
2024-10-23 12:40:00,1,19
2024-10-23 13:00:00,1,21
2024-10-23 13:20:00,1,28
2024-10-23 13:40:00,1,21
2024-10-23 14:00:00,1,24
2024-10-23 14:20:00,1,21
2024-10-23 14:40:00,1,30
2024-10-23 15:00:00,1,18
2024-10-23 15:20:00,1,16
2024-10-23 15:40:00,1,19
2024-10-23 16:00:00,1,26
2024-10-23 16:20:00,1,19
2024-10-23 16:40:00,1,17
2024-10-23 17:00:00,1,19
2024-10-23 17:20:00,1,23
2024-10-23 17:40:00,1,16
2024-10-23 18:00:00,1,14
2024-10-23 18:20:00,1,14
2024-10-23 18:40:00,1,18
2024-10-23 19:00:00,1,14
2024-10-23 19:20:00,1,9
2024-10-23 19:40:00,1,12
2024-10-23 20:00:00,1,4
2024-10-23 20:20:00,1,1
2024-10-23 20:40:00,1,1
2024-10-24 05:00:00,1,25
2024-10-24 05:20:00,1,22
2024-10-24 05:40:00,1,26
2024-10-24 06:00:00,1,25
2024-10-24 06:20:00,1,12
2024-10-24 06:40:00,1,18
2024-10-24 07:00:00,1,27
2024-10-24 07:20:00,1,16
2024-10-24 07:40:00,1,17
2024-10-24 08:00:00,1,27
2024-10-24 08:20:00,1,25
2024-10-24 08:40:00,1,17
2024-10-24 09:00:00,1,11
2024-10-24 09:20:00,1,24
2024-10-24 09:40:00,1,18
2024-10-24 10:00:00,1,20
2024-10-24 10:20:00,1,15
2024-10-24 10:40:00,1,21
2024-10-24 11:00:00,1,24
2024-10-24 11:20:00,1,17
2024-10-24 11:40:00,1,20
2024-10-24 12:00:00,1,21
2024-10-24 12:20:00,1,19
2024-10-24 12:40:00,1,32
2024-10-24 13:00:00,1,21
2024-10-24 13:20:00,1,19
2024-10-24 13:40:00,1,21
2024-10-24 14:00:00,1,18
2024-10-24 14:20:00,1,17
2024-10-24 14:40:00,1,27
2024-10-24 15:00:00,1,22
2024-10-24 15:20:00,1,21
2024-10-24 15:40:00,1,15
2024-10-24 16:00:00,1,29
2024-10-24 16:20:00,1,23
2024-10-24 16:40:00,1,20
2024-10-24 17:00:00,1,22
2024-10-24 17:20:00,1,17
2024-10-24 17:40:00,1,23
2024-10-24 18:00:00,1,6
2024-10-24 18:20:00,1,12
2024-10-24 18:40:00,1,10
2024-10-24 19:00:00,1,3
2024-10-24 19:20:00,1,4
2024-10-24 19:40:00,1,1
2024-10-25 05:00:00,1,24
2024-10-25 05:20:00,1,15
2024-10-25 05:40:00,1,23
2024-10-25 06:00:00,1,19
2024-10-25 06:20:00,1,18
2024-10-25 06:40:00,1,18
2024-10-25 07:00:00,1,22
2024-10-25 07:20:00,1,32
2024-10-25 07:40:00,1,11
2024-10-25 08:00:00,1,21
2024-10-25 08:20:00,1,25
2024-10-25 08:40:00,1,12
2024-10-25 09:00:00,1,17
2024-10-25 09:20:00,1,19
2024-10-25 09:40:00,1,19
2024-10-25 10:00:00,1,30
2024-10-25 10:20:00,1,14
2024-10-25 10:40:00,1,23
2024-10-25 11:00:00,1,20
2024-10-25 11:20:00,1,26
2024-10-25 11:40:00,1,20
2024-10-25 12:00:00,1,11
2024-10-25 12:20:00,1,18
2024-10-25 12:40:00,1,16
2024-10-25 13:00:00,1,28
2024-10-25 13:20:00,1,22
2024-10-25 13:40:00,1,24
2024-10-25 14:00:00,1,17
2024-10-25 14:20:00,1,21
2024-10-25 14:40:00,1,14
2024-10-25 15:00:00,1,16
2024-10-25 15:20:00,1,13
2024-10-25 15:40:00,1,21
2024-10-25 16:00:00,1,28
2024-10-25 16:20:00,1,24
2024-10-25 16:40:00,1,21
2024-10-25 17:00:00,1,10
2024-10-25 17:20:00,1,24
2024-10-25 17:40:00,1,19
2024-10-25 18:00:00,1,13
2024-10-25 18:20:00,1,6
2024-10-25 18:40:00,1,3
2024-10-25 19:00:00,1,2
2024-10-26 05:00:00,1,19
2024-10-26 05:20:00,1,19
2024-10-26 05:40:00,1,10
2024-10-26 06:00:00,1,26
2024-10-26 06:20:00,1,22
2024-10-26 06:40:00,1,21
2024-10-26 07:00:00,1,31
2024-10-26 07:20:00,1,21
2024-10-26 07:40:00,1,21
2024-10-26 08:00:00,1,26
2024-10-26 08:20:00,1,16
2024-10-26 08:40:00,1,26
2024-10-26 09:00:00,1,13
2024-10-26 09:20:00,1,22
2024-10-26 09:40:00,1,29
2024-10-26 10:00:00,1,16
2024-10-26 10:20:00,1,16
2024-10-26 10:40:00,1,22
2024-10-26 11:00:00,1,23
2024-10-26 11:20:00,1,21
2024-10-26 11:40:00,1,27
2024-10-26 12:00:00,1,19
2024-10-26 12:20:00,1,22
2024-10-26 12:40:00,1,15
2024-10-26 13:00:00,1,21
2024-10-26 13:20:00,1,19
2024-10-26 13:40:00,1,22
2024-10-26 14:00:00,1,21
2024-10-26 14:20:00,1,20
2024-10-26 14:40:00,1,20
2024-10-26 15:00:00,1,24
2024-10-26 15:20:00,1,15
2024-10-26 15:40:00,1,27
2024-10-26 16:00:00,1,25
2024-10-26 16:20:00,1,26
2024-10-26 16:40:00,1,16
2024-10-26 17:00:00,1,15
2024-10-26 17:20:00,1,10
2024-10-26 17:40:00,1,9
2024-10-26 18:00:00,1,4
2024-10-26 18:20:00,1,1
2024-10-26 18:40:00,1,1
2024-10-27 05:00:00,1,31
2024-10-27 05:20:00,1,21
2024-10-27 05:40:00,1,33
2024-10-27 06:00:00,1,23
2024-10-27 06:20:00,1,23
2024-10-27 06:40:00,1,29
2024-10-27 07:00:00,1,20
2024-10-27 07:20:00,1,23
2024-10-27 07:40:00,1,18
2024-10-27 08:00:00,1,22
2024-10-27 08:20:00,1,21
2024-10-27 08:40:00,1,25
2024-10-27 09:00:00,1,25
2024-10-27 09:20:00,1,22
2024-10-27 09:40:00,1,17
2024-10-27 10:00:00,1,25
2024-10-27 10:20:00,1,31
2024-10-27 10:40:00,1,18
2024-10-27 11:00:00,1,19
2024-10-27 11:20:00,1,15
2024-10-27 11:40:00,1,17
2024-10-27 12:00:00,1,15
2024-10-27 12:20:00,1,18
2024-10-27 12:40:00,1,19
2024-10-27 13:00:00,1,27
2024-10-27 13:20:00,1,18
2024-10-27 13:40:00,1,31
2024-10-27 14:00:00,1,18
2024-10-27 14:20:00,1,22
2024-10-27 14:40:00,1,16
2024-10-27 15:00:00,1,19
2024-10-27 15:20:00,1,18
2024-10-27 15:40:00,1,23
2024-10-27 16:00:00,1,30
2024-10-27 16:20:00,1,17
2024-10-27 16:40:00,1,22
2024-10-27 17:00:00,1,18
2024-10-27 17:20:00,1,13
2024-10-27 17:40:00,1,5
2024-10-27 18:00:00,1,8
2024-10-27 18:20:00,1,6
2024-10-27 18:40:00,1,3
2024-10-28 05:00:00,1,24
2024-10-28 05:20:00,1,16
2024-10-28 05:40:00,1,14
2024-10-28 06:00:00,1,20
2024-10-28 06:20:00,1,29
2024-10-28 06:40:00,1,20
2024-10-28 07:00:00,1,18
2024-10-28 07:20:00,1,21
2024-10-28 07:40:00,1,19
2024-10-28 08:00:00,1,24
2024-10-28 08:20:00,1,24
2024-10-28 08:40:00,1,18
2024-10-28 09:00:00,1,25
2024-10-28 09:20:00,1,24
2024-10-28 09:40:00,1,15
2024-10-28 10:00:00,1,21
2024-10-28 10:20:00,1,28
2024-10-28 10:40:00,1,22
2024-10-28 11:00:00,1,23
2024-10-28 11:20:00,1,25
2024-10-28 11:40:00,1,16
2024-10-28 12:00:00,1,19
2024-10-28 12:20:00,1,18
2024-10-28 12:40:00,1,19
2024-10-28 13:00:00,1,16
2024-10-28 13:20:00,1,22
2024-10-28 13:40:00,1,17
2024-10-28 14:00:00,1,23
2024-10-28 14:20:00,1,20
2024-10-28 14:40:00,1,24
2024-10-28 15:00:00,1,20
2024-10-28 15:20:00,1,29
2024-10-28 15:40:00,1,21
2024-10-28 16:00:00,1,22
2024-10-28 16:20:00,1,27
2024-10-28 16:40:00,1,25
2024-10-28 17:00:00,1,19
2024-10-28 17:20:00,1,10
2024-10-28 17:40:00,1,11
2024-10-28 18:00:00,1,8
2024-10-28 18:20:00,1,5
2024-10-28 18:40:00,1,7
2024-10-28 19:00:00,1,1
2024-10-29 05:00:00,1,15
2024-10-29 05:20:00,1,26
2024-10-29 05:40:00,1,21
2024-10-29 06:00:00,1,21
2024-10-29 06:20:00,1,23
2024-10-29 06:40:00,1,20
2024-10-29 07:00:00,1,26
2024-10-29 07:20:00,1,27
2024-10-29 07:40:00,1,35
2024-10-29 08:00:00,1,16
2024-10-29 08:20:00,1,17
2024-10-29 08:40:00,1,22
2024-10-29 09:00:00,1,21
2024-10-29 09:20:00,1,16
2024-10-29 09:40:00,1,15
2024-10-29 10:00:00,1,19
2024-10-29 10:20:00,1,27
2024-10-29 10:40:00,1,17
2024-10-29 11:00:00,1,21
2024-10-29 11:20:00,1,18
2024-10-29 11:40:00,1,23
2024-10-29 12:00:00,1,13
2024-10-29 12:20:00,1,15
2024-10-29 12:40:00,1,13
2024-10-29 13:00:00,1,23
2024-10-29 13:20:00,1,17
2024-10-29 13:40:00,1,20
2024-10-29 14:00:00,1,17
2024-10-29 14:20:00,1,21
2024-10-29 14:40:00,1,16
2024-10-29 15:00:00,1,23
2024-10-29 15:20:00,1,26
2024-10-29 15:40:00,1,28
2024-10-29 16:00:00,1,22
2024-10-29 16:20:00,1,24
2024-10-29 16:40:00,1,32
2024-10-29 17:00:00,1,18
2024-10-29 17:20:00,1,27
2024-10-29 17:40:00,1,19
2024-10-29 18:00:00,1,13
2024-10-29 18:20:00,1,17
2024-10-29 18:40:00,1,20
2024-10-29 19:00:00,1,5
2024-10-29 19:20:00,1,3
2024-10-29 19:40:00,1,1
2024-10-30 05:00:00,1,18
2024-10-30 05:20:00,1,19
2024-10-30 05:40:00,1,28
2024-10-30 06:00:00,1,18
2024-10-30 06:20:00,1,14
2024-10-30 06:40:00,1,17
2024-10-30 07:00:00,1,22
2024-10-30 07:20:00,1,22
2024-10-30 07:40:00,1,21
2024-10-30 08:00:00,1,26
2024-10-30 08:20:00,1,21
2024-10-30 08:40:00,1,23
2024-10-30 09:00:00,1,18
2024-10-30 09:20:00,1,20
2024-10-30 09:40:00,1,25
2024-10-30 10:00:00,1,24
2024-10-30 10:20:00,1,21
2024-10-30 10:40:00,1,15
2024-10-30 11:00:00,1,16
2024-10-30 11:20:00,1,19
2024-10-30 11:40:00,1,20
2024-10-30 12:00:00,1,19
2024-10-30 12:20:00,1,18
2024-10-30 12:40:00,1,18
2024-10-30 13:00:00,1,15
2024-10-30 13:20:00,1,16
2024-10-30 13:40:00,1,26
2024-10-30 14:00:00,1,15
2024-10-30 14:20:00,1,17
2024-10-30 14:40:00,1,24
2024-10-30 15:00:00,1,22
2024-10-30 15:20:00,1,25
2024-10-30 15:40:00,1,14
2024-10-30 16:00:00,1,17
2024-10-30 16:20:00,1,27
2024-10-30 16:40:00,1,17
2024-10-30 17:00:00,1,28
2024-10-30 17:20:00,1,19
2024-10-30 17:40:00,1,16
2024-10-30 18:00:00,1,23
2024-10-30 18:20:00,1,10
2024-10-30 18:40:00,1,17
2024-10-30 19:00:00,1,16
2024-10-30 19:20:00,1,9
2024-10-30 19:40:00,1,6
2024-10-30 20:00:00,1,4
2024-10-30 20:20:00,1,2
2024-10-31 05:00:00,1,18
2024-10-31 05:20:00,1,16
2024-10-31 05:40:00,1,19
2024-10-31 06:00:00,1,18
2024-10-31 06:20:00,1,16
2024-10-31 06:40:00,1,18
2024-10-31 07:00:00,1,13
2024-10-31 07:20:00,1,17
2024-10-31 07:40:00,1,18
2024-10-31 08:00:00,1,17
2024-10-31 08:20:00,1,21
2024-10-31 08:40:00,1,18
2024-10-31 09:00:00,1,18
2024-10-31 09:20:00,1,14
2024-10-31 09:40:00,1,17
2024-10-31 10:00:00,1,18
2024-10-31 10:20:00,1,12
2024-10-31 10:40:00,1,23
2024-10-31 11:00:00,1,11
2024-10-31 11:20:00,1,19
2024-10-31 11:40:00,1,13
2024-10-31 12:00:00,1,18
2024-10-31 12:20:00,1,18
2024-10-31 12:40:00,1,21
2024-10-31 13:00:00,1,19
2024-10-31 13:20:00,1,14
2024-10-31 13:40:00,1,19
2024-10-31 14:00:00,1,10
2024-10-31 14:20:00,1,19
2024-10-31 14:40:00,1,13
2024-10-31 15:00:00,1,14
2024-10-31 15:20:00,1,17
2024-10-31 15:40:00,1,15
2024-10-31 16:00:00,1,20
2024-10-31 16:20:00,1,17
2024-10-31 16:40:00,1,12
2024-10-31 17:00:00,1,17
2024-10-31 17:20:00,1,13
2024-10-31 17:40:00,1,16
2024-10-31 18:00:00,1,19
2024-10-31 18:20:00,1,26
2024-10-31 18:40:00,1,15
2024-10-31 19:00:00,1,11
2024-10-31 19:20:00,1,11
2024-10-31 19:40:00,1,10
2024-10-31 20:00:00,1,7
2024-10-31 20:20:00,1,6
2024-10-31 20:40:00,1,2
2024-11-01 05:00:00,1,17
2024-11-01 05:20:00,1,19
2024-11-01 05:40:00,1,12
2024-11-01 06:00:00,1,20
2024-11-01 06:20:00,1,18
2024-11-01 06:40:00,1,17
2024-11-01 07:00:00,1,24
2024-11-01 07:20:00,1,22
2024-11-01 07:40:00,1,12
2024-11-01 08:00:00,1,18
2024-11-01 08:20:00,1,18
2024-11-01 08:40:00,1,19
2024-11-01 09:00:00,1,31
2024-11-01 09:20:00,1,28
2024-11-01 09:40:00,1,20
2024-11-01 10:00:00,1,28
2024-11-01 10:20:00,1,21
2024-11-01 10:40:00,1,22
2024-11-01 11:00:00,1,21
2024-11-01 11:20:00,1,21
2024-11-01 11:40:00,1,15
2024-11-01 12:00:00,1,23
2024-11-01 12:20:00,1,24
2024-11-01 12:40:00,1,14
2024-11-01 13:00:00,1,13
2024-11-01 13:20:00,1,18
2024-11-01 13:40:00,1,22
2024-11-01 14:00:00,1,16
2024-11-01 14:20:00,1,12
2024-11-01 14:40:00,1,18
2024-11-01 15:00:00,1,20
2024-11-01 15:20:00,1,33
2024-11-01 15:40:00,1,17
2024-11-01 16:00:00,1,21
2024-11-01 16:20:00,1,24
2024-11-01 16:40:00,1,29
2024-11-01 17:00:00,1,27
2024-11-01 17:20:00,1,21
2024-11-01 17:40:00,1,15
2024-11-01 18:00:00,1,12
2024-11-01 18:20:00,1,15
2024-11-01 18:40:00,1,25
2024-11-01 19:00:00,1,25
2024-11-01 19:20:00,1,13
2024-11-01 19:40:00,1,12
2024-11-01 20:00:00,1,6
2024-11-01 20:20:00,1,7
2024-11-01 20:40:00,1,3
2024-11-02 05:00:00,1,13
2024-11-02 05:20:00,1,17
2024-11-02 05:40:00,1,16
2024-11-02 06:00:00,1,24
2024-11-02 06:20:00,1,18
2024-11-02 06:40:00,1,19
2024-11-02 07:00:00,1,16
2024-11-02 07:20:00,1,32
2024-11-02 07:40:00,1,21
2024-11-02 08:00:00,1,19
2024-11-02 08:20:00,1,27
2024-11-02 08:40:00,1,22
2024-11-02 09:00:00,1,23
2024-11-02 09:20:00,1,17
2024-11-02 09:40:00,1,13
2024-11-02 10:00:00,1,16
2024-11-02 10:20:00,1,18
2024-11-02 10:40:00,1,15
2024-11-02 11:00:00,1,18
2024-11-02 11:20:00,1,26
2024-11-02 11:40:00,1,17
2024-11-02 12:00:00,1,15
2024-11-02 12:20:00,1,18
2024-11-02 12:40:00,1,15
2024-11-02 13:00:00,1,17
2024-11-02 13:20:00,1,17
2024-11-02 13:40:00,1,28
2024-11-02 14:00:00,1,13
2024-11-02 14:20:00,1,29
2024-11-02 14:40:00,1,15
2024-11-02 15:00:00,1,24
2024-11-02 15:20:00,1,16
2024-11-02 15:40:00,1,25
2024-11-02 16:00:00,1,15
2024-11-02 16:20:00,1,26
2024-11-02 16:40:00,1,18
2024-11-02 17:00:00,1,26
2024-11-02 17:20:00,1,20
2024-11-02 17:40:00,1,18
2024-11-02 18:00:00,1,18
2024-11-02 18:20:00,1,21
2024-11-02 18:40:00,1,22
2024-11-02 19:00:00,1,16
2024-11-02 19:20:00,1,13
2024-11-02 19:40:00,1,9
2024-11-02 20:00:00,1,2
2024-11-02 20:20:00,1,1
2024-11-03 05:00:00,1,15
2024-11-03 05:20:00,1,20
2024-11-03 05:40:00,1,23
2024-11-03 06:00:00,1,24
2024-11-03 06:20:00,1,21
2024-11-03 06:40:00,1,20
2024-11-03 07:00:00,1,20
2024-11-03 07:20:00,1,12
2024-11-03 07:40:00,1,20
2024-11-03 08:00:00,1,17
2024-11-03 08:20:00,1,21
2024-11-03 08:40:00,1,19
2024-11-03 09:00:00,1,17
2024-11-03 09:20:00,1,20
2024-11-03 09:40:00,1,17
2024-11-03 10:00:00,1,18
2024-11-03 10:20:00,1,18
2024-11-03 10:40:00,1,18
2024-11-03 11:00:00,1,30
2024-11-03 11:20:00,1,19
2024-11-03 11:40:00,1,25
2024-11-03 12:00:00,1,21
2024-11-03 12:20:00,1,21
2024-11-03 12:40:00,1,32
2024-11-03 13:00:00,1,18
2024-11-03 13:20:00,1,15
2024-11-03 13:40:00,1,25
2024-11-03 14:00:00,1,15
2024-11-03 14:20:00,1,16
2024-11-03 14:40:00,1,25
2024-11-03 15:00:00,1,23
2024-11-03 15:20:00,1,25
2024-11-03 15:40:00,1,20
2024-11-03 16:00:00,1,17
2024-11-03 16:20:00,1,21
2024-11-03 16:40:00,1,23
2024-11-03 17:00:00,1,21
2024-11-03 17:20:00,1,21
2024-11-03 17:40:00,1,20
2024-11-03 18:00:00,1,12
2024-11-03 18:20:00,1,16
2024-11-03 18:40:00,1,8
2024-11-03 19:00:00,1,5
2024-11-03 19:20:00,1,9
2024-11-03 19:40:00,1,3
2024-11-03 20:00:00,1,1
2024-11-04 05:00:00,1,11
2024-11-04 05:20:00,1,21
2024-11-04 05:40:00,1,26
2024-11-04 06:00:00,1,16
2024-11-04 06:20:00,1,26
2024-11-04 06:40:00,1,25
2024-11-04 07:00:00,1,24
2024-11-04 07:20:00,1,25
2024-11-04 07:40:00,1,16
2024-11-04 08:00:00,1,20
2024-11-04 08:20:00,1,24
2024-11-04 08:40:00,1,27
2024-11-04 09:00:00,1,18
2024-11-04 09:20:00,1,20
2024-11-04 09:40:00,1,17
2024-11-04 10:00:00,1,22
2024-11-04 10:20:00,1,24
2024-11-04 10:40:00,1,13
2024-11-04 11:00:00,1,24
2024-11-04 11:20:00,1,20
2024-11-04 11:40:00,1,16
2024-11-04 12:00:00,1,15
2024-11-04 12:20:00,1,30
2024-11-04 12:40:00,1,22
2024-11-04 13:00:00,1,28
2024-11-04 13:20:00,1,27
2024-11-04 13:40:00,1,29
2024-11-04 14:00:00,1,14
2024-11-04 14:20:00,1,31
2024-11-04 14:40:00,1,23
2024-11-04 15:00:00,1,25
2024-11-04 15:20:00,1,23
2024-11-04 15:40:00,1,33
2024-11-04 16:00:00,1,21
2024-11-04 16:20:00,1,21
2024-11-04 16:40:00,1,22
2024-11-04 17:00:00,1,18
2024-11-04 17:20:00,1,20
2024-11-04 17:40:00,1,9
2024-11-04 18:00:00,1,15
2024-11-04 18:20:00,1,12
2024-11-04 18:40:00,1,11
2024-11-04 19:00:00,1,5
2024-11-04 19:20:00,1,4
2024-11-05 05:00:00,1,27
2024-11-05 05:20:00,1,28
2024-11-05 05:40:00,1,18
2024-11-05 06:00:00,1,27
2024-11-05 06:20:00,1,31
2024-11-05 06:40:00,1,22
2024-11-05 07:00:00,1,27
2024-11-05 07:20:00,1,22
2024-11-05 07:40:00,1,20
2024-11-05 08:00:00,1,23
2024-11-05 08:20:00,1,36
2024-11-05 08:40:00,1,31
2024-11-05 09:00:00,1,17
2024-11-05 09:20:00,1,19
2024-11-05 09:40:00,1,17
2024-11-05 10:00:00,1,19
2024-11-05 10:20:00,1,27
2024-11-05 10:40:00,1,24
2024-11-05 11:00:00,1,26
2024-11-05 11:20:00,1,27
2024-11-05 11:40:00,1,17
2024-11-05 12:00:00,1,19
2024-11-05 12:20:00,1,25
2024-11-05 12:40:00,1,23
2024-11-05 13:00:00,1,14
2024-11-05 13:20:00,1,22
2024-11-05 13:40:00,1,25
2024-11-05 14:00:00,1,21
2024-11-05 14:20:00,1,16
2024-11-05 14:40:00,1,29
2024-11-05 15:00:00,1,21
2024-11-05 15:20:00,1,18
2024-11-05 15:40:00,1,24
2024-11-05 16:00:00,1,14
2024-11-05 16:20:00,1,21
2024-11-05 16:40:00,1,14
2024-11-05 17:00:00,1,18
2024-11-05 17:20:00,1,18
2024-11-05 17:40:00,1,10
2024-11-05 18:00:00,1,13
2024-11-05 18:20:00,1,5
2024-11-05 18:40:00,1,2
2024-11-05 19:00:00,1,1
2024-11-06 05:00:00,1,19
2024-11-06 05:20:00,1,30
2024-11-06 05:40:00,1,23
2024-11-06 06:00:00,1,16
2024-11-06 06:20:00,1,21
2024-11-06 06:40:00,1,21
2024-11-06 07:00:00,1,18
2024-11-06 07:20:00,1,14
2024-11-06 07:40:00,1,28
2024-11-06 08:00:00,1,20
2024-11-06 08:20:00,1,26
2024-11-06 08:40:00,1,24
2024-11-06 09:00:00,1,25
2024-11-06 09:20:00,1,22
2024-11-06 09:40:00,1,26
2024-11-06 10:00:00,1,27
2024-11-06 10:20:00,1,22
2024-11-06 10:40:00,1,26
2024-11-06 11:00:00,1,28
2024-11-06 11:20:00,1,23
2024-11-06 11:40:00,1,22
2024-11-06 12:00:00,1,30
2024-11-06 12:20:00,1,29
2024-11-06 12:40:00,1,25
2024-11-06 13:00:00,1,25
2024-11-06 13:20:00,1,30
2024-11-06 13:40:00,1,19
2024-11-06 14:00:00,1,17
2024-11-06 14:20:00,1,23
2024-11-06 14:40:00,1,26
2024-11-06 15:00:00,1,19
2024-11-06 15:20:00,1,16
2024-11-06 15:40:00,1,22
2024-11-06 16:00:00,1,25
2024-11-06 16:20:00,1,20
2024-11-06 16:40:00,1,20
2024-11-06 17:00:00,1,23
2024-11-06 17:20:00,1,16
2024-11-06 17:40:00,1,20
2024-11-06 18:00:00,1,7
2024-11-06 18:20:00,1,7
2024-11-06 18:40:00,1,2
2024-11-07 05:00:00,1,23
2024-11-07 05:20:00,1,20
2024-11-07 05:40:00,1,20
2024-11-07 06:00:00,1,20
2024-11-07 06:20:00,1,18
2024-11-07 06:40:00,1,21
2024-11-07 07:00:00,1,19
2024-11-07 07:20:00,1,20
2024-11-07 07:40:00,1,20
2024-11-07 08:00:00,1,26
2024-11-07 08:20:00,1,23
2024-11-07 08:40:00,1,22
2024-11-07 09:00:00,1,23
2024-11-07 09:20:00,1,20
2024-11-07 09:40:00,1,20
2024-11-07 10:00:00,1,21
2024-11-07 10:20:00,1,19
2024-11-07 10:40:00,1,26
2024-11-07 11:00:00,1,19
2024-11-07 11:20:00,1,25
2024-11-07 11:40:00,1,15
2024-11-07 12:00:00,1,16
2024-11-07 12:20:00,1,21
2024-11-07 12:40:00,1,17
2024-11-07 13:00:00,1,13
2024-11-07 13:20:00,1,24
2024-11-07 13:40:00,1,24
2024-11-07 14:00:00,1,23
2024-11-07 14:20:00,1,12
2024-11-07 14:40:00,1,19
2024-11-07 15:00:00,1,17
2024-11-07 15:20:00,1,20
2024-11-07 15:40:00,1,21
2024-11-07 16:00:00,1,21
2024-11-07 16:20:00,1,23
2024-11-07 16:40:00,1,29
2024-11-07 17:00:00,1,13
2024-11-07 17:20:00,1,14
2024-11-07 17:40:00,1,15
2024-11-07 18:00:00,1,7
2024-11-07 18:20:00,1,12
2024-11-07 18:40:00,1,4
2024-11-07 19:00:00,1,2
2024-11-08 05:00:00,1,20
2024-11-08 05:20:00,1,15
2024-11-08 05:40:00,1,17
2024-11-08 06:00:00,1,17
2024-11-08 06:20:00,1,17
2024-11-08 06:40:00,1,23
2024-11-08 07:00:00,1,15
2024-11-08 07:20:00,1,30
2024-11-08 07:40:00,1,22
2024-11-08 08:00:00,1,19
2024-11-08 08:20:00,1,15
2024-11-08 08:40:00,1,18
2024-11-08 09:00:00,1,19
2024-11-08 09:20:00,1,16
2024-11-08 09:40:00,1,14
2024-11-08 10:00:00,1,18
2024-11-08 10:20:00,1,15
2024-11-08 10:40:00,1,15
2024-11-08 11:00:00,1,14
2024-11-08 11:20:00,1,19
2024-11-08 11:40:00,1,20
2024-11-08 12:00:00,1,33
2024-11-08 12:20:00,1,12
2024-11-08 12:40:00,1,28
2024-11-08 13:00:00,1,16
2024-11-08 13:20:00,1,29
2024-11-08 13:40:00,1,18
2024-11-08 14:00:00,1,23
2024-11-08 14:20:00,1,24
2024-11-08 14:40:00,1,22
2024-11-08 15:00:00,1,15
2024-11-08 15:20:00,1,22
2024-11-08 15:40:00,1,17
2024-11-08 16:00:00,1,20
2024-11-08 16:20:00,1,16
2024-11-08 16:40:00,1,26
2024-11-08 17:00:00,1,21
2024-11-08 17:20:00,1,20
2024-11-08 17:40:00,1,14
2024-11-08 18:00:00,1,17
2024-11-08 18:20:00,1,12
2024-11-08 18:40:00,1,7
2024-11-08 19:00:00,1,1
2024-11-08 19:20:00,1,6
2024-11-08 19:40:00,1,1
2024-11-09 05:00:00,1,24
2024-11-09 05:20:00,1,22
2024-11-09 05:40:00,1,28
2024-11-09 06:00:00,1,25
2024-11-09 06:20:00,1,18
2024-11-09 06:40:00,1,18
2024-11-09 07:00:00,1,21
2024-11-09 07:20:00,1,18
2024-11-09 07:40:00,1,25
2024-11-09 08:00:00,1,23
2024-11-09 08:20:00,1,25
2024-11-09 08:40:00,1,20
2024-11-09 09:00:00,1,23
2024-11-09 09:20:00,1,18
2024-11-09 09:40:00,1,24
2024-11-09 10:00:00,1,21
2024-11-09 10:20:00,1,20
2024-11-09 10:40:00,1,23
2024-11-09 11:00:00,1,20
2024-11-09 11:20:00,1,24
2024-11-09 11:40:00,1,17
2024-11-09 12:00:00,1,25
2024-11-09 12:20:00,1,17
2024-11-09 12:40:00,1,25
2024-11-09 13:00:00,1,21
2024-11-09 13:20:00,1,20
2024-11-09 13:40:00,1,21
2024-11-09 14:00:00,1,24
2024-11-09 14:20:00,1,23
2024-11-09 14:40:00,1,33
2024-11-09 15:00:00,1,14
2024-11-09 15:20:00,1,17
2024-11-09 15:40:00,1,28
2024-11-09 16:00:00,1,21
2024-11-09 16:20:00,1,13
2024-11-09 16:40:00,1,22
2024-11-09 17:00:00,1,22
2024-11-09 17:20:00,1,15
2024-11-09 17:40:00,1,19
2024-11-09 18:00:00,1,19
2024-11-09 18:20:00,1,18
2024-11-09 18:40:00,1,6
2024-11-09 19:00:00,1,10
2024-11-09 19:20:00,1,9
2024-11-09 19:40:00,1,5
2024-11-09 20:00:00,1,1
2024-11-09 20:20:00,1,1
2024-11-10 05:00:00,1,22
2024-11-10 05:20:00,1,24
2024-11-10 05:40:00,1,29
2024-11-10 06:00:00,1,19
2024-11-10 06:20:00,1,29
2024-11-10 06:40:00,1,24
2024-11-10 07:00:00,1,21
2024-11-10 07:20:00,1,11
2024-11-10 07:40:00,1,23
2024-11-10 08:00:00,1,17
2024-11-10 08:20:00,1,25
2024-11-10 08:40:00,1,23
2024-11-10 09:00:00,1,29
2024-11-10 09:20:00,1,21
2024-11-10 09:40:00,1,15
2024-11-10 10:00:00,1,16
2024-11-10 10:20:00,1,20
2024-11-10 10:40:00,1,17
2024-11-10 11:00:00,1,25
2024-11-10 11:20:00,1,16
2024-11-10 11:40:00,1,24
2024-11-10 12:00:00,1,21
2024-11-10 12:20:00,1,25
2024-11-10 12:40:00,1,26
2024-11-10 13:00:00,1,24
2024-11-10 13:20:00,1,21
2024-11-10 13:40:00,1,29
2024-11-10 14:00:00,1,27
2024-11-10 14:20:00,1,17
2024-11-10 14:40:00,1,21
2024-11-10 15:00:00,1,23
2024-11-10 15:20:00,1,18
2024-11-10 15:40:00,1,24
2024-11-10 16:00:00,1,21
2024-11-10 16:20:00,1,19
2024-11-10 16:40:00,1,22
2024-11-10 17:00:00,1,20
2024-11-10 17:20:00,1,22
2024-11-10 17:40:00,1,26
2024-11-10 18:00:00,1,16
2024-11-10 18:20:00,1,18
2024-11-10 18:40:00,1,18
2024-11-10 19:00:00,1,12
2024-11-10 19:20:00,1,10
2024-11-10 19:40:00,1,6
2024-11-10 20:00:00,1,5
2024-11-10 20:20:00,1,3
2024-11-11 05:00:00,1,15
2024-11-11 05:20:00,1,25
2024-11-11 05:40:00,1,17
2024-11-11 06:00:00,1,24
2024-11-11 06:20:00,1,15
2024-11-11 06:40:00,1,25
2024-11-11 07:00:00,1,22
2024-11-11 07:20:00,1,10
2024-11-11 07:40:00,1,15
2024-11-11 08:00:00,1,21
2024-11-11 08:20:00,1,19
2024-11-11 08:40:00,1,14
2024-11-11 09:00:00,1,10
2024-11-11 09:20:00,1,17
2024-11-11 09:40:00,1,23
2024-11-11 10:00:00,1,20
2024-11-11 10:20:00,1,24
2024-11-11 10:40:00,1,13
2024-11-11 11:00:00,1,23
2024-11-11 11:20:00,1,15
2024-11-11 11:40:00,1,22
2024-11-11 12:00:00,1,21
2024-11-11 12:20:00,1,20
2024-11-11 12:40:00,1,16
2024-11-11 13:00:00,1,15
2024-11-11 13:20:00,1,18
2024-11-11 13:40:00,1,17
2024-11-11 14:00:00,1,18
2024-11-11 14:20:00,1,28
2024-11-11 14:40:00,1,18
2024-11-11 15:00:00,1,20
2024-11-11 15:20:00,1,24
2024-11-11 15:40:00,1,24
2024-11-11 16:00:00,1,18
2024-11-11 16:20:00,1,21
2024-11-11 16:40:00,1,21
2024-11-11 17:00:00,1,20
2024-11-11 17:20:00,1,16
2024-11-11 17:40:00,1,12
2024-11-11 18:00:00,1,18
2024-11-11 18:20:00,1,16
2024-11-11 18:40:00,1,13
2024-11-11 19:00:00,1,21
2024-11-11 19:20:00,1,11
2024-11-11 19:40:00,1,5
2024-11-11 20:00:00,1,5
2024-11-11 20:20:00,1,2
2024-11-11 20:40:00,1,1
2024-11-12 05:00:00,1,19
2024-11-12 05:20:00,1,20
2024-11-12 05:40:00,1,11
2024-11-12 06:00:00,1,21
2024-11-12 06:20:00,1,24
2024-11-12 06:40:00,1,21
2024-11-12 07:00:00,1,13
2024-11-12 07:20:00,1,15
2024-11-12 07:40:00,1,22
2024-11-12 08:00:00,1,18
2024-11-12 08:20:00,1,16
2024-11-12 08:40:00,1,20
2024-11-12 09:00:00,1,18
2024-11-12 09:20:00,1,12
2024-11-12 09:40:00,1,18
2024-11-12 10:00:00,1,11
2024-11-12 10:20:00,1,24
2024-11-12 10:40:00,1,23
2024-11-12 11:00:00,1,17
2024-11-12 11:20:00,1,14
2024-11-12 11:40:00,1,18
2024-11-12 12:00:00,1,19
2024-11-12 12:20:00,1,12
2024-11-12 12:40:00,1,23
2024-11-12 13:00:00,1,11
2024-11-12 13:20:00,1,18
2024-11-12 13:40:00,1,21
2024-11-12 14:00:00,1,34
2024-11-12 14:20:00,1,19
2024-11-12 14:40:00,1,20
2024-11-12 15:00:00,1,17
2024-11-12 15:20:00,1,19
2024-11-12 15:40:00,1,20
2024-11-12 16:00:00,1,18
2024-11-12 16:20:00,1,16
2024-11-12 16:40:00,1,17
2024-11-12 17:00:00,1,19
2024-11-12 17:20:00,1,18
2024-11-12 17:40:00,1,28
2024-11-12 18:00:00,1,12
2024-11-12 18:20:00,1,23
2024-11-12 18:40:00,1,11
2024-11-12 19:00:00,1,13
2024-11-12 19:20:00,1,9
2024-11-12 19:40:00,1,8
2024-11-12 20:00:00,1,6
2024-11-13 05:00:00,1,19
2024-11-13 05:20:00,1,15
2024-11-13 05:40:00,1,21
2024-11-13 06:00:00,1,25
2024-11-13 06:20:00,1,20
2024-11-13 06:40:00,1,16
2024-11-13 07:00:00,1,19
2024-11-13 07:20:00,1,16
2024-11-13 07:40:00,1,16
2024-11-13 08:00:00,1,29
2024-11-13 08:20:00,1,22
2024-11-13 08:40:00,1,20
2024-11-13 09:00:00,1,20
2024-11-13 09:20:00,1,17
2024-11-13 09:40:00,1,14
2024-11-13 10:00:00,1,14
2024-11-13 10:20:00,1,14
2024-11-13 10:40:00,1,23
2024-11-13 11:00:00,1,17
2024-11-13 11:20:00,1,28
2024-11-13 11:40:00,1,25
2024-11-13 12:00:00,1,13
2024-11-13 12:20:00,1,16
2024-11-13 12:40:00,1,26
2024-11-13 13:00:00,1,13
2024-11-13 13:20:00,1,20
2024-11-13 13:40:00,1,18
2024-11-13 14:00:00,1,16
2024-11-13 14:20:00,1,15
2024-11-13 14:40:00,1,25
2024-11-13 15:00:00,1,19
2024-11-13 15:20:00,1,14
2024-11-13 15:40:00,1,12
2024-11-13 16:00:00,1,15
2024-11-13 16:20:00,1,18
2024-11-13 16:40:00,1,15
2024-11-13 17:00:00,1,18
2024-11-13 17:20:00,1,16
2024-11-13 17:40:00,1,19
2024-11-13 18:00:00,1,16
2024-11-13 18:20:00,1,19
2024-11-13 18:40:00,1,4
2024-11-13 19:00:00,1,10
2024-11-13 19:20:00,1,5
2024-11-13 19:40:00,1,4
2024-11-13 20:00:00,1,5
